record_id,company_sim,domain_sim,address_sim,phone_exact,cluster
7cb3320183865e1058f18798beaad39a,0.5565145502645503,0.5217772967772968,1.0,0.0,-1
8b559648334d96106049b4646d5c7b02,0.552334561665387,0.48856352158781824,0.46998089576538055,0.0,-1
cd8b308c1b7380108321311d0d4bcbe0,0.5638986987671198,0.6191391941391942,0.8068181818181818,0.0,-1
387e521b8397129058f18798beaad3d9,0.5407407407407407,0.5019119769119769,1.0,0.0,-1
211c68071be79510d1f74119b04bcbdb,0.5477601602601603,0.5255101924219571,0.27541827541827535,0.0,-1
649ab4841b7380108321311d0d4bcb1a,0.4824074074074074,0.567688492063492,0.5335120871637725,0.0,-1
04ca3cc41b7380108321311d0d4bcb36,0.5631944444444444,0.6410230278980279,0.698051948051948,0.0,-1
57b10e1787916550852d0e170cbb35f1,0.5013888888888889,0.6055555555555556,0.4501844498887668,0.0,-1
d28899df336f5a106049b4646d5c7bfa,0.5069444444444444,0.6448184223184223,0.5178571428571428,0.0,-1
4320f92b83b5a29058f18798beaad3d3,0.5106397359138587,0.5342806287852727,0.23355778719652204,0.0,-1
b5ff06ec1b8f6850d5d38738dc4bcb2d,0.5323830409356725,0.6837028018278017,0.017862838915470497,0.0,-1
964668b1dbb9c11036e3d383f396194b,0.5763157894736842,0.651140873015873,0.1433092224231464,0.0,-1
f92e75561b0d8294b37020e6b04bcb23,0.5879429212762546,0.6567583181713617,0.25,0.0,0
9deabc081b7380108321311d0d4bcb2b,0.5077601410934744,0.45759980759980756,0.8111111111111112,0.0,-1
3bc3c9691b3c2c10b8ec33fccc4bcb02,0.5482482247284879,0.6635747354497354,0.3842297054488927,0.0,-1
ad8a513b33f06614a0c67c845d5c7baa,0.5931784727229031,0.6915839062897886,0.5178571428571428,0.0,1
73dab8081b7380108321311d0d4bcbf6,0.5010131278538813,0.6173007207933678,0.448571566218625,0.0,-1
2411352383c6529058f18798beaad359,0.5073433083278973,0.63619767351385,0.2957733985423859,0.0,-1
b669b6641bde7510b37020e6b04bcb7c,0.55808871493803,0.6220662507427214,0.476013797117536,0.0,2
e500daec1b8f6850d5d38738dc4bcb85,0.5479241891006597,0.47474747474747475,0.19606997480131805,0.0,-1
0f6a34441b7380108321311d0d4bcb2c,0.5737103174603174,0.7573854617604618,0.4746517759121426,0.0,1
57377bcc33c51e10a0c67c845d5c7b57,0.5890873015873016,0.7497907647907648,0.46554237831674466,0.0,1
589a74841b7380108321311d0d4bcb6f,0.5501984126984127,0.7964718614718616,0.41817678445585427,0.0,-1
37ff0aec1b8f6850d5d38738dc4bcb6c,0.5663766293587851,0.5321895424836601,0.04474974200206395,0.0,-1
388abc441b7380108321311d0d4bcbfe,0.5159722222222222,0.6798285048285048,0.5637729841981489,0.0,-1
39dab4081b7380108321311d0d4bcbcd,0.37261904761904757,0.6819172494172494,0.5142580778545691,0.0,-1
f7648c85c3a6d6141a9c742a050131ff,0.39596560846560847,0.7198114385614386,1.0,0.0,-1
0d8afc441b7380108321311d0d4bcb00,0.5464412153750389,0.6708954933954934,0.5959781602073381,0.0,-1
c83138821b91e9101c3ddc6fcc4bcbe7,0.4269578664799253,0.492022792022792,0.5178571428571428,0.0,-1
9040decd1b9c7910d1f74119b04bcb62,0.5948616946778711,0.7454542217042217,0.5815857001106123,0.0,-1
dab7f1ee334066d06049b4646d5c7bae,0.5775171179582944,0.6578535353535353,0.432952861377109,0.0,1
add65d5c33b492d0a0c67c845d5c7bc5,0.5624552598817305,0.6566329966329966,0.40715743015364114,0.0,1
ddaafc841b7380108321311d0d4bcb52,0.5996187363834422,0.7484280303030303,0.4053217008278868,0.0,-1
b8e8c1681bedb410a18b311d0d4bcb39,0.5697570947570948,0.5044733044733045,0.5726117886178861,0.0,-1
e3bab8c41b7380108321311d0d4bcbd6,0.5817791005291005,0.8173809523809523,0.40871465515111827,0.0,-1
0dcf700d1bcb5550b37020e6b04bcb1d,0.4573395242750081,0.6245585656875979,0.6711594202898551,0.0,-1
d6daf4081b7380108321311d0d4bcbf7,0.5930555555555556,0.7787214405964406,0.4431588180616106,0.0,-1
5a7a78441b7380108321311d0d4bcbdc,0.5334077380952381,0.7714015151515152,0.4691669416487928,0.0,-1
4bea70481b7380108321311d0d4bcb22,0.6283325740720789,0.5783068783068783,0.7448979591836735,0.0,-1
04ca6f9bdbd6bd10ecfba6bad39619e9,0.4982886904761905,0.5756231785643551,0.4998040349089258,0.0,-1
5e7a78441b7380108321311d0d4bcbde,0.467056727994228,0.5096164592488122,0.5014573824296105,0.0,-1
527a78441b7380108321311d0d4bcbe1,0.5193565115440115,0.5936721230838877,0.5844514509706707,0.0,-1
60b6f3a8db8c059036e3d383f3961919,0.4516138101664417,0.5856135762385762,0.40886013756960365,0.0,-1
27dab8081b7380108321311d0d4bcb1f,0.555411221623271,0.6106099918599919,0.3626473526473526,0.0,-1
e97f67061b642c10b8ec33fccc4bcbe6,0.5248602092352093,0.575747264717853,0.45578122134604804,0.0,-1
2ba7b71083fa129058f18798beaad3f9,0.48324314574314575,0.6218408497820263,0.75,0.0,-1
3c4d22adc3a392d01a9c742a050131c7,0.5978030303030303,0.7141325994267171,0.4439943141435678,0.25,-1
c81052201bcf6850d5d38738dc4bcb46,0.5986868686868687,0.8057832962244728,0.046098927375828325,0.25,-1
549a74841b7380108321311d0d4bcb7f,0.5025793650793651,0.7709537738949503,0.28271726553460297,0.0,-1
b8d507781bfb1550d1f74119b04bcbc3,0.5090476190476191,0.7191888721300486,0.3354781917963562,0.0,-1
6dc03c6b1b2641909d4e21fc274bcbcd,0.45738095238095233,0.7077287010375246,0.3794317293267221,0.0,-1
ba5459a91b1d78909d4e21fc274bcbf6,0.5413492063492064,0.6373185284214695,0.3640500573025549,0.0,-1
3ea43ce5dbf1e01036e3d383f396196d,0.6988268684527652,0.5513708513708514,0.3507859637980311,0.0,-1
7b09409433491e10a0c67c845d5c7bc6,0.5183315118976883,0.47415413533834583,0.675632911392405,0.0,-1
31ef05681b32e1101c3ddc6fcc4bcb8b,0.5256228956228957,0.4138528138528138,0.31969814605684166,0.0,-1
a90b7c481b7380108321311d0d4bcbfc,0.377037037037037,0.545770202020202,0.33907115558036666,0.0,-1
7cda34081b7380108321311d0d4bcbf8,0.3508201058201058,0.5469030969030968,0.41631534404030857,0.0,-1
5fdeae761b6a15141c3ddc6fcc4bcbd8,0.4527777777777778,0.6301282051282051,0.22926667421210967,0.0,-1
1b00deec1b8f6850d5d38738dc4bcbab,0.6204387724614163,0.48943931885108355,0.275,0.0,-1
deca30081b7380108321311d0d4bcb7b,0.5031746031746032,0.5636421448921449,0.5156249999999999,0.0,-1
3a923d5fdb7f7510ecfba6bad396196e,0.4161375661375661,0.6739426083176083,0.4375646120049104,0.0,-1
55a044501b6f5d90b37020e6b04bcbe5,0.5342096560846561,0.5414711632453568,0.16636246963916868,0.0,-1
5d57bbcc33c51e10a0c67c845d5c7b2c,0.5522620897620898,0.6529749103942653,0.48313152896486233,0.0,-1
880eac8287959550852d0e170cbb35b0,0.5004960317460316,0.6051158645276292,0.344068380678413,0.0,-1
058afc441b7380108321311d0d4bcb05,0.558234126984127,0.6007151345386639,0.4932995495495495,0.0,2
7579d6c0331b86d4a0c67c845d5c7bb5,0.49636986107574343,0.5971153846153846,0.4354416416916416,0.0,-1
02abe0c51ba349d0a18b311d0d4bcbe1,0.6311141304347826,0.7175852007469654,0.25,0.0,16
15f9c6f933c30650a0c67c845d5c7be6,0.5784291072170805,0.48023088023088023,0.75,0.0,-1
b5baf4c41b7380108321311d0d4bcbac,0.80209732786046,0.7447642499113087,0.7105263157894737,0.0,-1
489a74841b7380108321311d0d4bcb0c,0.7724625054896794,0.6913190281940282,0.40267857142857144,0.0,-1
167ab8441b7380108321311d0d4bcb0f,0.6567919888753222,0.6145983645983646,0.4862710818593171,0.0,-1
e71f82c783664e5058f18798beaad370,0.5827533879164314,0.7465140415140415,0.15303709235748067,0.0,-1
59f83c1f87cea5d0852d0e170cbb35ad,0.6229166666666667,0.5588385606767959,0.42373366013071895,0.0,-1
549a74841b7380108321311d0d4bcb6d,0.8028787878787879,0.5915095068330363,0.3844632768361582,0.0,-1
ed10d09d83a61a1058f18798beaad32c,0.6124560825647782,0.6919436813186813,0.2857142857142857,0.0,-1
74da34081b7380108321311d0d4bcbe2,0.8600582511032066,0.7562034207622443,0.5303201700260524,0.0,3
5218cfcf1b9b8d90a18b311d0d4bcb29,0.8413398392267282,0.7216584055922292,1.0,0.0,-1
a3051005c3e7da901a9c742a050131c6,0.6098861283643893,0.6939937894349659,0.2647058823529411,0.0,16
4bbab8c41b7380108321311d0d4bcb2b,0.6754270970575319,0.58622557997558,0.3408727195134961,0.0,-1
44637b0f33f8a6106049b4646d5c7b30,0.5820616883116883,0.6020583197666531,0.37144368576407405,0.0,-1
51a01fc91b1301909d4e21fc274bcbea,0.6021500721500722,0.5934959330792664,0.27505232862375717,0.0,-1
24ea3c081b7380108321311d0d4bcb22,0.5975898614056508,0.5961946457326892,0.6447368421052632,0.0,-1
b201f12383c6529058f18798beaad341,0.5828116328116328,0.6392998753196122,0.31969696969696965,0.0,-1
641b492783758a5058f18798beaad3c1,0.5914722940458235,0.6224937079651992,0.35412308056684955,0.0,-1
a07ab4441b7380108321311d0d4bcbbb,0.6338113275613275,0.696805472792315,0.47751709726443764,0.0,1
94f9abaec3bede101a9c742a050131cf,0.6573181698181698,0.6200779727095517,0.37749274999104937,0.0,-1
31313f26c33212501a9c742a050131af,0.6147302860538154,0.6776053624737836,0.4817453522504892,0.0,1
14f6ec5333675a106049b4646d5c7b77,0.5959415584415584,0.7376811135583066,1.0,0.0,4
bc9aeb0b1be471d0b37020e6b04bcb2d,0.5737809125740161,0.6962202535119202,0.40758860621874315,0.0,-1
0f6a34441b7380108321311d0d4bcb3e,0.6281593645817783,0.5780531197197863,0.5634920634920635,0.0,-1
999e48981bf4f090a18b311d0d4bcb7e,0.6667972831765935,0.7109974516224516,0.026190476190476125,0.0,-1
2523344e33c4ee906049b4646d5c7b14,0.7043504627556352,0.6796354879688213,0.75,0.0,7
298d688c33006e50a0c67c845d5c7b1e,0.5668647683733891,0.5593406593406594,0.7642857142857142,0.0,-1
36da38081b7380108321311d0d4bcbd9,0.8710568540802639,0.7359559884559885,0.5549339549339549,0.0,3
117a38441b7380108321311d0d4bcb5d,0.6321875493977355,0.6273953823953824,0.3332947789258468,0.0,-1
b982dc4f3368ea506049b4646d5c7b74,0.5727639769790933,0.5948613886113887,1.0,0.0,-1
ca2a9e071bcec510a18b311d0d4bcb27,0.5559834455667789,0.49977492314448835,0.10770114942528734,0.0,-1
d73a44331b26d0108321311d0d4bcb4f,0.5465313475424699,0.5975829360697782,0.75,0.0,-1
c3ca70081b7380108321311d0d4bcbbb,0.8295008795278342,0.7883441558441558,0.5194152046783626,0.0,5
193e01e833fcd2d0a0c67c845d5c7b90,0.8526305601717078,0.8155952380952382,1.0,0.0,-1
b1e90f7b33e426906049b4646d5c7b41,0.5914043470666321,0.5856635323740587,0.5285294117647059,0.0,-1
a0c84b61c3569a901a9c742a05013127,0.626622032145288,0.7269020088099035,0.5492028985507247,0.0,6
8a7a78441b7380108321311d0d4bcb95,0.6248083634711542,0.7578741360978203,0.5427323103154305,0.0,6
aa1c1e35337fda106049b4646d5c7b8a,0.5375270562770562,0.542958892958893,0.25,0.0,-1
0747a37c1b2559101c3ddc6fcc4bcb69,0.6365630865140669,0.5405753968253968,0.30448079379809173,0.0,-1
99a092f333441e10a0c67c845d5c7b03,0.7687923998659293,0.5288933288933289,0.3773918479030051,0.0,-1
1223345cc3568ad01a9c742a0501315d,0.5926587301587303,0.6828802776171197,1.0,0.0,-1
ee0bfc481b7380108321311d0d4bcbbc,0.6226266788766789,0.7017240215924427,0.7916666666666666,0.0,7
6b8a34841b7380108321311d0d4bcb17,0.5443910256410256,0.5915674603174603,0.5,0.0,2
661b8ed63345e6106049b4646d5c7bc5,0.6359126984126984,0.6984345479082321,0.7679324894514767,0.0,7
0bca70081b7380108321311d0d4bcb88,0.6412037037037037,0.6495782726045883,0.7499999999999999,0.0,7
3c9ab4841b7380108321311d0d4bcb65,0.5538446054750402,0.6329988432620012,0.5292961258151131,0.0,-1
be563b81c3ee5a141a9c742a050131b5,0.5964673913043478,0.7211921850079746,0.5294117647058824,0.0,1
0b67d1941bf34910d1f74119b04bcb4d,0.7128691759126542,0.7894211133069828,0.4499474789915966,0.0,-1
d97546a8dbf8c6d0ecfba6bad396195d,0.647680584311019,0.6755380826902566,0.5113636363636364,0.0,1
582a69e483220e1058f18798beaad3f5,0.7327495531843358,0.7268256749289358,0.44887873754152824,0.0,-1
fdfcb968db891d50bb356173059619f2,0.7209487777478782,0.7147064476226376,0.31063217988231995,0.0,-1
3b14038d33586a14a0c67c845d5c7b48,0.8168629654189999,0.6314057713728766,0.6533702377075871,0.0,-1
c5db56ab33ef5a10a0c67c845d5c7ba3,0.5587114274614274,0.6331475176869914,0.75,0.0,21
152482211b3b9950d1f74119b04bcb66,0.5640629906891078,0.49374999999999997,0.10980392156862742,0.0,-1
07ca70081b7380108321311d0d4bcb86,0.4990179573512907,0.5385320597277119,0.34333333333333327,0.0,-1
ef9af8841b7380108321311d0d4bcbc6,0.6360524361259656,0.546875,0.5193356231835323,0.0,-1
fc2161411b3619101c3ddc6fcc4bcbb7,0.5272090409590409,0.5902232514074619,0.14200680272108843,0.0,-1
539af8841b7380108321311d0d4bcb4b,0.5226902851443855,0.605408565605934,0.5116502894063804,0.0,-1
9cba74c41b7380108321311d0d4bcb36,0.8551056705992355,0.6913131313131313,0.5016062884483937,0.0,-1
509a74841b7380108321311d0d4bcb50,0.6162256394399251,0.6950407324014135,0.5216394056273831,0.0,1
5a4d98d433f7d2506049b4646d5c7bdc,0.6177553002553002,0.735822472662643,0.75,0.0,7
4fd285d01b093550b37020e6b04bcbd1,0.6000417439703154,0.7687576067723126,0.3703438403634537,0.0,12
5c67bbcc33c51e10a0c67c845d5c7b33,0.6694601346856986,0.7092072427056948,0.5218130128577889,0.0,1
87673fcc33c51e10a0c67c845d5c7b13,0.5491371556597121,0.6275666897053813,0.5349646477553454,0.0,-1
50bca44533419250a0c67c845d5c7bed,0.7903091041433093,0.7025229711229677,0.5210732110620611,0.0,-1
018afc441b7380108321311d0d4bcb27,0.5543271786692839,0.5942023254523254,0.28891870403498304,0.0,-1
8be165991b32a850a18b311d0d4bcb96,0.67682261208577,0.6092916546960665,0.5118748363445929,0.0,-1
deeafc081b7380108321311d0d4bcbaf,0.7707798021635034,0.7265909090909091,0.35190114300078745,0.0,-1
cb17fff58311e21058f18798beaad30c,0.6342971686007077,0.553298581208064,0.25746268656716415,0.0,-1
d34288091b24f190b37020e6b04bcb72,0.630374682788476,0.5912712447195206,0.17091352144657046,0.0,-1
9026644d1b583910d1f74119b04bcbc3,0.5942358692358692,0.5095524573465751,0.25,0.0,-1
4edaf4081b7380108321311d0d4bcb86,0.6002532555164134,0.6293546365914786,0.5078010931468103,0.0,8
d9ffc2ec1b8f6850d5d38738dc4bcb24,0.6504396155130114,0.5932999006054034,0.2852720136711048,0.0,-1
3f69e7e11b4eb110b37020e6b04bcb5d,0.8735274787999756,0.7953968253968253,1.0,0.0,-1
ac5ab44f83861e5058f18798beaad3d4,0.8454498400150574,0.7760216197058303,0.5341474200486442,0.0,3
3ac561621b8701509d4e21fc274bcb3f,0.8429184321178582,0.6089590964590965,0.5,0.0,-1
cfca70081b7380108321311d0d4bcbb8,0.8555824058433765,0.7333833813245578,0.6928104575163399,0.0,-1
6b8b30d5c3639e901a9c742a05013174,0.6485308289265028,0.582821492233257,0.75,0.0,-1
e947c7fd1b92ad141c3ddc6fcc4bcb72,0.7319887831348278,0.6100032298680306,0.16042550465506927,0.0,-1
2aeab899c36e9a141a9c742a050131f3,0.7554624361146101,0.7600582093345252,1.0,0.0,-1
5a7a78441b7380108321311d0d4bcbe5,0.7172885680542882,0.6858014274666377,0.2822905525846702,0.0,-1
c1009aec1b8f6850d5d38738dc4bcbf5,0.7547644660575695,0.7030317985608607,0.21128580464443836,0.0,-1
2a1f7ab183f19e1058f18798beaad3c8,0.7247442193821504,0.7492141500182297,0.33222651222651217,0.0,-1
424819d51b9ced90d1f74119b04bcb98,0.7393914141414142,0.8546960698615111,0.248229671369519,0.0,-1
095f521f1bf2b4509bdc98eb274bcb9a,0.7368954625621292,0.7727904040404041,0.25367836097649754,0.0,-1
2bcd83cbdb98495036e3d383f39619f9,0.6907196969696969,0.8593045843045843,0.37064405941359213,0.0,-1
3faaf0c41b7380108321311d0d4bcbfb,0.7959225188391855,0.8100681263181263,0.43511275872721655,0.0,-1
1a2784d833734650a0c67c845d5c7b4a,0.714297138047138,0.8068892218892219,0.2624523581582702,0.0,-1
66ea30481b7380108321311d0d4bcb4f,0.7783381433381433,0.7452571230512407,0.3947546897546897,0.0,-1
74de1bcf33e75610a0c67c845d5c7b6a,0.8110197210197211,0.8093284493284494,0.38735877129658086,0.0,-1
5358ed53837d229058f18798beaad390,0.6443935693935694,0.8162272898669958,0.4968599834299917,0.0,-1
498024d033c91e10a0c67c845d5c7b52,0.7549591149591149,0.661037111037111,0.34624225799733543,0.0,-1
ce7308161b7fc150d1f74119b04bcbf0,0.6837962962962962,0.8120027766351295,0.5341583267333861,0.0,11
13defa4233f79e106049b4646d5c7bef,0.6633184523809523,0.8603210882254999,0.75,0.0,-1
9e8471ab874cc290852d0e170cbb3569,0.7016259319384319,0.90125962000962,0.23199010959636457,0.0,-1
7c58a2cd331c1210a0c67c845d5c7b64,0.6953180615680616,0.875459656084656,0.5329457364341085,0.0,-1
6c6270fd1be254502e96411ecc4bcb96,0.6138960333039281,0.614156935900357,0.6630626196335794,0.0,-1
fa8064d033c91e10a0c67c845d5c7b9b,0.6521703990453991,0.7999508978675646,0.326870237633992,0.0,-1
3b6a74441b7380108321311d0d4bcb4c,0.6131918475668475,0.7444871851670097,0.32388345877243213,0.0,12
35a0b05c1b9f89509d4e21fc274bcbb2,0.6982071937071938,0.597660713469537,0.5419047619047619,0.0,-1
86cafcc41b7380108321311d0d4bcbed,0.6866513554013554,0.6508761848125884,0.391199679323754,0.0,-1
03b67c01830f9a1058f18798beaad352,0.5137724361408571,0.6550322825322825,0.75,0.0,-1
9882d18b83ca1e5058f18798beaad383,0.5328675370597036,0.5721244398875978,0.75,0.0,-1
2bbaf8c41b7380108321311d0d4bcb28,0.6522391072391073,0.7214152305215902,0.39532631710051064,0.0,-1
e8d286db334dd6106049b4646d5c7b82,0.6488555038555038,0.7563596491228071,0.377018456431724,0.0,-1
b377bfcc33c51e10a0c67c845d5c7b4a,0.5749084249084249,0.7322371031746032,0.2849434191539455,0.0,-1
5e7a78441b7380108321311d0d4bcbe7,0.7632936507936509,0.8483928571428572,0.413332352652741,0.0,-1
ffe0f6a2c3de4a941a9c742a050131f8,0.7419642857142857,0.7403335633770417,0.0,0.0,-1
ff5560fc83e31e9058f18798beaad3bf,0.8159126984126984,0.7982556935817806,0.5,0.0,5
d774906bc3e12a101a9c742a05013115,0.6788365800865801,0.7465535731200693,0.5,0.0,-1
e20bfc481b7380108321311d0d4bcbbf,0.8648178407094016,0.8231120731120731,0.875,0.0,-1
752a51403334a6906049b4646d5c7bb7,0.5989979075505392,0.6138675499928696,1.0,0.0,-1
201092201bcf6850d5d38738dc4bcb5a,0.6316783910533911,0.6696443892495683,0.02941176470588235,0.0,9
f3eab0481b7380108321311d0d4bcb88,0.6593046536796536,0.7561383620287073,0.5588235294117647,0.0,6
5306e11833bd9e10a0c67c845d5c7b01,0.6758216089466089,0.6795890029265989,0.5,0.0,-1
a9dab4081b7380108321311d0d4bcb5a,0.6695039682539683,0.7383246383246382,0.5890350877192982,0.0,-1
b75372e51b1a3050a18b311d0d4bcb6e,0.6583779905965116,0.6267045454545455,0.5895161290322581,0.0,-1
1b00deec1b8f6850d5d38738dc4bcbd0,0.6642296176046176,0.6046235899177075,0.055337690631808295,0.0,-1
8a1056201bcf6850d5d38738dc4bcb4c,0.720392473024052,0.6031844316674038,0.03890452366062117,0.0,-1
5497330033091e10a0c67c845d5c7b6d,0.7398328261915218,0.6862523587523588,0.6617092584834521,0.0,-1
c8512969c3f58e101a9c742a0501318b,0.8298690476190476,0.7567585192585192,0.15617812986234036,0.0,-1
d818364e1b5615901c3ddc6fcc4bcbe9,0.7875085602802994,0.7915151515151515,0.7596153846153846,0.0,-1
ddb6d3631b431c50a18b311d0d4bcb4f,0.8177242020485359,0.7041666666666667,0.35925797139077426,0.0,-1
c2ba38c41b7380108321311d0d4bcb3d,0.7021724702431225,0.6524735863551654,0.6641899238854658,0.0,-1
21fbf6311b6209509d4e21fc274bcb1e,0.8621486663658237,0.6463804713804714,1.0,0.0,-1
f4886e6583751e1058f18798beaad34f,0.6374533488377881,0.7802071831677095,0.75,0.0,19
c0d6cf263384d2106049b4646d5c7b8d,0.6552823471822163,0.5886500074000074,0.33641783843396744,0.0,-1
19d45dc01b90e590b37020e6b04bcbeb,0.7482858926063795,0.6092904362355163,0.5225,0.0,-1
de360bfa1bc96510b37020e6b04bcb95,0.6009610619378927,0.5786079417658365,0.2589918172936004,0.0,-1
163ffe5b1b3b30909bdc98eb274bcb7a,0.5710053226500594,0.7544681926260873,0.725,0.0,-1
0d8afc441b7380108321311d0d4bcb09,0.6050759977037067,0.6778685845047401,0.5779132962588474,0.0,-1
20f88f98db3a741036e3d383f3961940,0.6098211214310285,0.6456157067570111,1.0,0.0,-1
e793e450830fd21058f18798beaad3aa,0.7189898766524153,0.6562507842399147,0.4821984133157035,0.0,-1
527a78441b7380108321311d0d4bcbea,0.6978356839811948,0.7793164564903695,0.5278209109730848,0.0,6
31e9888d1bc96c50a18b311d0d4bcbf3,0.8072343013365934,0.7182575757575758,0.49976845420024074,0.0,-1
28ea3c081b7380108321311d0d4bcb6c,0.8013406617046958,0.7659902597402597,0.75,0.0,-1
f91016201bcf6850d5d38738dc4bcbfd,0.7075683694530444,0.7695937179768703,0.22633861236802405,0.0,-1
8f626cd333ac6e506049b4646d5c7b59,0.7142189291435828,0.6433802308802309,1.0,0.0,-1
5262ce0733509e10a0c67c845d5c7bec,0.6110380116959064,0.7720212542087541,0.3622130263079476,0.0,12
23aa178c1b606514d1f74119b04bcb34,0.7381944444444444,0.7510606060606061,0.4236009417980302,0.0,-1
d51b34881b7380108321311d0d4bcbd2,0.6469444444444444,0.726111111111111,0.3928897949098097,0.0,12
011b34881b7380108321311d0d4bcb68,0.8621314582441686,0.6298400673400673,0.5205571919489445,0.0,-1
a4ba74c41b7380108321311d0d4bcba7,0.8480787880939179,0.7394570707070707,0.5501443001443002,0.0,3
8771df48c35316101a9c742a0501312d,0.6052188552188552,0.7376919934640522,0.37638083948015455,0.0,12
72ca70081b7380108321311d0d4bcb4f,0.5925553613053613,0.7166927476118653,0.4209659785195189,0.0,1
d6da38081b7380108321311d0d4bcb1b,0.8514121814800932,0.7866810966810968,0.5306224899598393,0.0,5
b8e00bf233845610a0c67c845d5c7b45,0.552424554351246,0.5453131307783945,0.23322655465512604,0.0,-1
58d2f5371b4fac10a18b311d0d4bcba1,0.8824274017761911,0.7596176046176046,0.7213855421686747,0.0,-1
65fb46a4c3e3d6901a9c742a050131e8,0.537373377290758,0.586587218824061,0.3797101449275363,0.0,-1
acba74c41b7380108321311d0d4bcb5a,0.5869364431864432,0.7600612296200532,0.4265543045758727,0.0,1
1f1789bac3935a501a9c742a050131e1,0.8174712349054455,0.8091438191438192,1.0,0.0,-1
b29ab8841b7380108321311d0d4bcb60,0.6353744634994635,0.8306647927236162,0.5693187407771766,0.0,-1
d5aafc841b7380108321311d0d4bcb57,0.6637071262071262,0.8485890906479141,0.6951055014934001,0.0,-1
8c142d22c3dda6101a9c742a0501311d,0.6391241859991861,0.8516983941983942,1.0,0.0,-1
f79f2d621b8c81109bdc98eb274bcb9a,0.5213104718915915,0.5247519841269841,0.5313349743824598,0.0,-1
b052436a33602a506049b4646d5c7b7f,0.6509424603174603,0.8019390331890333,0.6227514990006662,0.0,-1
521c8f9c33ece210a0c67c845d5c7ba2,0.7311011904761905,0.8191708754208754,1.0,0.0,-1
b87bf04c1b7380108321311d0d4bcb79,0.5674646503593872,0.589282059314954,0.7126692801140413,0.0,-1
6eff46ec1b8f6850d5d38738dc4bcbdc,0.6221486846486847,0.8193306693306693,0.24087599134823356,0.0,-1
490b3c481b7380108321311d0d4bcbfd,0.6351343101343101,0.8551431901431902,0.27856084559948646,0.0,-1
375d5c8c1bdcd110d1f74119b04bcb7d,0.6308455433455433,0.8144980944980945,0.4823968389217127,0.0,-1
d9aafc841b7380108321311d0d4bcb59,0.5925449550449551,0.8077851315351317,0.4373148148148148,0.0,-1
abc2e09e334462d0a0c67c845d5c7bdf,0.7050380175380175,0.7773046398046398,0.540204678362573,0.0,6
92005eec1b8f6850d5d38738dc4bcbe7,0.6628066378066377,0.7744525382025382,0.23972222222222217,0.0,-1
4206639c1bd0a050a18b311d0d4bcbe1,0.8594142278182539,0.7372895622895623,0.75,0.0,-1
88005aec1b8f6850d5d38738dc4bcb06,0.5399116465612629,0.5291005291005291,0.060257105489808276,0.0,-1
50cfc351339892106049b4646d5c7b7d,0.6983707264957264,0.6621979871979873,0.27917083854818525,0.0,-1
87aab0c41b7380108321311d0d4bcb74,0.7791441197691198,0.6755451955451954,0.5263520792932558,0.0,-1
c5422bc087c22590852d0e170cbb35e0,0.6177791293105108,0.6050505050505051,0.034896305245142374,0.0,10
9eaa70c41b7380108321311d0d4bcb51,0.524074074074074,0.5334658698789133,0.658117816091954,0.0,-1
5c9bf88c1b7380108321311d0d4bcb9c,0.6365995115995116,0.7162268518518519,0.5474496426250812,0.0,6
d4ca3cc41b7380108321311d0d4bcb6d,0.4993008040177852,0.5505876068376069,0.14947916666666666,0.0,-1
969a78841b7380108321311d0d4bcb7f,0.8689679407886528,0.7441197691197691,0.5301822723571574,0.0,3
dae4c3ff8375d21058f18798beaad373,0.6157089438339438,0.729983164983165,1.0,0.0,4
6b8a34841b7380108321311d0d4bcb20,0.6503848003848004,0.7965716690716691,0.5421151857933467,0.0,11
4579b17fdb83bc9036e3d383f3961902,0.6072522385022385,0.6619533475783476,0.42698715375351265,0.0,1
36ea30481b7380108321311d0d4bcbba,0.6977130508380509,0.7721969696969697,0.5508166192494304,0.0,6
d26bb80c1b7380108321311d0d4bcbfd,0.6293214886964886,0.7425270562770563,0.560579989927816,0.0,6
2a3edd66db408a50ecfba6bad3961965,0.765779428904429,0.7435370327314061,0.40964105838121584,0.0,-1
fb9e924d33295e90a0c67c845d5c7bb6,0.7897061468416968,0.8367122881381194,0.2633333333333333,0.0,-1
f30012201bcf6850d5d38738dc4bcbba,0.7691564775803906,0.7180907433241193,0.25,0.0,-1
20140fca1baf0dd09d4e21fc274bcb29,0.708919938283749,0.7288498140682149,0.0,0.0,-1
0fca70081b7380108321311d0d4bcb8a,0.7728260869565218,0.7356022943120802,0.23676470588235293,0.0,-1
5a7a78441b7380108321311d0d4bcbee,0.8209656084656085,0.8505328662565504,0.40640022246223784,0.0,-1
9c005aec1b8f6850d5d38738dc4bcb74,0.7094216431716432,0.8064951678438521,0.25861376676006687,0.0,-1
899ccf8e33b02ad0a0c67c845d5c7b4d,0.8475143306985413,0.7085536223036224,0.49553197861339393,0.0,-1
97ceea0c1b30a150d1f74119b04bcb74,0.7718349985927385,0.6925026362526363,0.25516407611995845,0.0,-1
7aea30481b7380108321311d0d4bcb99,0.7868954537311535,0.7159194509194509,0.4482618830444917,0.0,-1
db425248835fd21058f18798beaad39a,0.7521638655462185,0.6336922105672106,0.26728271728271724,0.0,-1
cc3380ac83d7d61058f18798beaad383,0.6028399070065737,0.5853896103896103,0.75,0.0,-1
091b34881b7380108321311d0d4bcb87,0.5441319444444445,0.6022959611194906,0.21515151515151515,0.0,-1
51bab4c41b7380108321311d0d4bcbdc,0.708019173186516,0.711086038961039,0.2599678691759782,0.0,15
e80bf8481b7380108321311d0d4bcb8c,0.7604755751494882,0.7420376168808831,0.2833333333333333,0.0,-1
4a21752383c6529058f18798beaad3ec,0.5366180116180116,0.609127886002886,0.4494808743169399,0.0,-1
f41092201bcf6850d5d38738dc4bcbd6,0.5777859766069705,0.6548484848484849,0.22050885131380477,0.0,0
649ab4841b7380108321311d0d4bcb11,0.8729804127700844,0.7374086099086099,0.543859649122807,0.0,3
8dbab4c41b7380108321311d0d4bcb97,0.8132273845617759,0.6777777777777778,0.34007366303385217,0.0,-1
9bb15e1f1b058d109bdc98eb274bcb37,0.6720641508266948,0.7847108169608169,0.32411614732405136,0.0,-1
7ebfdcb31b819d901c3ddc6fcc4bcb6e,0.769897571853908,0.8662359168609168,0.41211697503766564,0.0,-1
c609aa41c30686901a9c742a050131f2,0.7170009514049762,0.8229344613719614,0.5269050198627663,0.0,-1
a9c97c8b1b164510a18b311d0d4bcb5e,0.6384119535435325,0.7636859783734784,0.5414582537864324,0.0,6
5a2f45331b139990b37020e6b04bcb54,0.6155257023678076,0.6280311124061124,0.19392988364972435,0.0,-1
62e2da6b334d5a106049b4646d5c7b86,0.6428901694710518,0.5075505513005514,0.2832694886672951,0.0,-1
c7565c79dbabe510ecfba6bad3961969,0.8105479988357895,0.8310514485514485,0.4316378066378066,0.0,-1
a8b5be181b9c50901312982d0d4bcb62,0.6719060179586496,0.6786789599289599,0.533222209771403,0.0,-1
ac54be8d83579e1058f18798beaad397,0.707111118048618,0.7114099959494696,0.75,0.0,-1
d78af0841b7380108321311d0d4bcb3d,0.6611011666352224,0.8030311124061124,0.5244791666666666,0.0,11
527a78441b7380108321311d0d4bcbf3,0.6534732281249309,0.8171045389795389,0.5242965367965368,0.0,11
734ff1f7c339d2101a9c742a050131b0,0.6270293933219631,0.7306978900728901,0.3728632054673721,0.0,12
1e7ab8441b7380108321311d0d4bcb01,0.6465918612977437,0.7376375938875939,0.5562520041686708,0.0,6
be9ab8841b7380108321311d0d4bcb4b,0.520186110412826,0.5202131610219846,0.40202750853036207,0.0,-1
dfaaf0c41b7380108321311d0d4bcb2b,0.8666382301908617,0.8035256410256411,0.625,0.0,-1
50363d7fdbd1055036e3d383f3961912,0.6842752563340799,0.8083874458874459,0.5206944444444445,0.0,11
ae90a4d033c91e10a0c67c845d5c7bcf,0.741705932955933,0.813699494949495,0.3664077212806026,0.0,-1
4efc7510838f161058f18798beaad346,0.8178644272394273,0.7909722222222222,0.75,0.0,-1
cdff82ec1b8f6850d5d38738dc4bcbf0,0.7376367845117846,0.7019922438672439,0.25666666666666665,0.0,-1
018afc441b7380108321311d0d4bcb0c,0.8041952260702261,0.7693428540413835,0.32073593073593076,0.0,-1
34234f5f1bdfcd90a18b311d0d4bcb05,0.5426400070272986,0.5683760683760684,0.0200396825396825,0.0,-1
2f6a74441b7380108321311d0d4bcb33,0.7563715696068638,0.6874288769978425,0.5616130820399113,0.0,-1
2c005aec1b8f6850d5d38738dc4bcbbf,0.8363794967287614,0.6371031746031746,0.05330065359477122,0.0,-1
151b74881b7380108321311d0d4bcb32,0.866150508308117,0.8338298738298738,0.42108225108225106,0.0,-1
7ef583961bead4502e96411ecc4bcbc9,0.6873346560846562,0.7332371794871795,0.4285714285714286,0.0,-1
27eab0481b7380108321311d0d4bcb5c,0.6290419071669071,0.766033411033411,0.43728668591682296,0.0,-1
4aa7330033091e10a0c67c845d5c7b77,0.5886739417989418,0.7413758639189674,0.43678255865755866,0.0,1
127ab8441b7380108321311d0d4bcb04,0.5967319656464394,0.715634792157358,0.31240060748542714,0.0,12
f435f1788321e21058f18798beaad3fd,0.6703063530037214,0.7395928504764712,0.5314648380606573,0.0,1
bba7b30033091e10a0c67c845d5c7bac,0.6702474937343359,0.6784636547060482,0.556729514931639,0.0,-1
10d7a7b1dbfab5d0ecfba6bad39619d4,0.6532707381198094,0.7573881386812421,0.46466701300353586,0.0,13
d0f15f48db21855036e3d383f3961931,0.5274942549177555,0.5561035097799805,0.4090437420178799,0.0,-1
ff6a74441b7380108321311d0d4bcb8e,0.6030563960033775,0.7408246478936134,0.5746143519991019,0.0,6
95ea7c081b7380108321311d0d4bcbfa,0.5811346877523348,0.5708946608946609,0.4946851875078389,0.0,-1
d617614b1becdd90d1f74119b04bcbb5,0.7920843413122826,0.568570586501621,1.0,0.0,-1
e13534ff1b0ef4109d4e21fc274bcb11,0.7914798164798165,0.7445790011057706,1.0,0.0,-1
62ba78c41b7380108321311d0d4bcb44,0.7494834986214297,0.7068954218296323,0.46395881006864986,0.0,-1
61b7b30033091e10a0c67c845d5c7bb2,0.5935871352046488,0.7073730728335992,0.43524251805985553,0.0,1
6835ed33871bed10852d0e170cbb3584,0.6263139151297046,0.7866239145844409,0.013157894736842075,0.0,-1
6c85c4ba1b6c5d90d1f74119b04bcb48,0.6832175925925925,0.5710557568438003,1.0,0.0,-1
836f47741b807990d1f74119b04bcb19,0.6557327586206896,0.7250198875198876,0.1590713208360267,0.0,-1
67aaf0c41b7380108321311d0d4bcb8c,0.8653077327313321,0.7557529507529508,0.625,0.0,-1
af26abf31b5fd410a18b311d0d4bcb0c,0.6426713495104299,0.726998926998927,0.20608558108558112,0.0,-1
95cb64811bd5d5d01c3ddc6fcc4bcb06,0.6175593412435517,0.7218016936766937,0.7640845070422535,0.0,7
e1525181db2af550ecfba6bad396194d,0.64935834998335,0.6214898989898989,0.42631239242685026,0.0,-1
67ff0aec1b8f6850d5d38738dc4bcb25,0.5783875620110022,0.5485826673326673,0.2083333333333333,0.0,-1
7d202d4c1b3d7990d1f74119b04bcb1f,0.6140432098765432,0.7952218152218152,0.11515151515151516,0.0,-1
dd5bb4021bff5090b8ec33fccc4bcb06,0.5584829984829984,0.6682043650793651,0.34333333333333327,0.0,-1
b4ea3c081b7380108321311d0d4bcba4,0.6706966490299824,0.7613158831908832,0.55,0.0,6
018afc441b7380108321311d0d4bcb15,0.5229522792022792,0.6107323120635814,0.8787878787878788,0.0,-1
24ea3c081b7380108321311d0d4bcb85,0.6974162257495591,0.8008493589743589,0.55,0.0,6
cc132ca61bb31510d1f74119b04bcb3f,0.5993080993080993,0.6042955685618729,1.0,0.0,-1
4c1bb0881b7380108321311d0d4bcbc6,0.512219416386083,0.6493474118474118,0.6302308802308803,0.0,-1
b06bb40c1b7380108321311d0d4bcb75,0.6494875008032903,0.678339084426041,0.6212993421052632,0.0,-1
d79af8841b7380108321311d0d4bcb7a,0.6075855836820749,0.6883775946275946,0.3621241830065359,0.0,-1
1da1cfcbdbc7b89036e3d383f3961925,0.5618131868131868,0.6952291810443985,0.7265625,0.0,-1
f69ab8841b7380108321311d0d4bcb1b,0.6986996336996337,0.7574558714232628,0.6435185185185185,0.0,-1
ee08cf7b87ffb910852d0e170cbb3595,0.6104365079365079,0.6398852767602767,0.5444827586206896,0.0,-1
055d4420339466146049b4646d5c7bd5,0.6033816425120773,0.5756410256410257,0.2187282829173648,0.0,14
8c42a8b683ed261058f18798beaad3f5,0.6299775707384403,0.6517086385836386,0.2056254367575122,0.0,-1
d3f1929f33734210a0c67c845d5c7b71,0.7436999887506728,0.648959373959374,0.24359613232354782,0.0,-1
6eda38081b7380108321311d0d4bcb69,0.6142512077294686,0.7292202473452474,0.3533363829978702,0.0,12
ba19a843c3da56d01a9c742a050131b0,0.6351944351944352,0.6280279157117392,0.3866108981499467,0.0,-1
79348f1b1b365910d1f74119b04bcba0,0.5827102547211243,0.6666348697598699,0.30182022084196,0.0,0
058afc441b7380108321311d0d4bcb0e,0.6142411433172302,0.7213010922250053,0.3203079927217858,0.0,12
0114e14e1b297d10b37020e6b04bcb86,0.6449470899470899,0.6806878423297187,0.039691261119832524,0.0,9
ddaafc841b7380108321311d0d4bcb5b,0.6434371184371185,0.7506245156974563,0.44418676561533704,0.0,13
7333607ec31f1a501a9c742a05013165,0.6737493158644474,0.7609876593658058,0.46395768410693783,0.0,13
59c7f30033091e10a0c67c845d5c7bb5,0.8365868568637531,0.8044869117237539,0.41413289589205676,0.0,-1
349153ef33a99a10a0c67c845d5c7b2d,0.7659477766385661,0.7463902791108674,0.25,0.0,-1
4d5b495dc3279e901a9c742a05013153,0.4760545458126103,0.4510048643113159,0.7653846153846153,0.0,-1
098afc441b7380108321311d0d4bcb10,0.8033606744133059,0.7415383363912775,0.5789312039312039,0.0,-1
1a4bb1311b734150d1f74119b04bcbcb,0.795200319295714,0.7553421578421579,0.13955465587044535,0.0,-1
04da235633a9de106049b4646d5c7b9d,0.7399130036630037,0.7697389306599833,0.75,0.0,-1
0860d6f533bbda106049b4646d5c7b18,0.7508561613824771,0.726141493310611,0.01136363636363635,0.0,-1
fdef36d083d2d69058f18798beaad36a,0.8867535242535243,0.8627153361344537,0.5,0.0,-1
f2009eec1b8f6850d5d38738dc4bcbbf,0.8971025641025641,0.8594159312909313,0.08227848101265822,0.0,-1
1f48228dc3df1e101a9c742a0501311c,0.7646766381766382,0.8614025448235975,0.75,0.0,-1
3bbaf8c41b7380108321311d0d4bcb70,0.7426013071895425,0.8502721607597769,0.6831556739951143,0.0,-1
db6196fe83cfd65058f18798beaad378,0.7918220668220668,0.8302783613445378,0.5,0.0,-1
26cf1a6333a75e106049b4646d5c7b1e,0.6974552598817305,0.8082753783024681,0.75,0.0,-1
7169305a334c62d06049b4646d5c7be8,0.6112877726848315,0.7494179358653043,0.6008771929824561,0.0,-1
5b77d82d87cf3154852d0e170cbb35fc,0.5958092833092833,0.546298036758563,0.25379317566152576,0.0,-1
67eab0481b7380108321311d0d4bcb27,0.715116344711933,0.818543956043956,0.5887117526436412,0.0,-1
dd25d4341bfd81109bdc98eb274bcb16,0.6859668109668109,0.7897649572649572,0.716605593056895,0.0,-1
e71fbf4083e9ee1058f18798beaad390,0.7510053835053836,0.7613632568411981,0.75,0.0,-1
58ba34c41b7380108321311d0d4bcbb0,0.7416160281316828,0.7634180402930403,0.6631357544172136,0.0,-1
d2b4cde6c34f9e501a9c742a05013171,0.4877956148789482,0.7218365662115662,0.035353016688061574,0.0,-1
9c72e2ab1b69f550b37020e6b04bcbf8,0.7850478524743231,0.7976183684736317,0.0,0.0,-1
59112337330422146049b4646d5c7b19,0.6850623722682545,0.7985934352884817,0.75,0.0,-1
8228145ac37992501a9c742a050131e1,0.6815098096348096,0.7969001831501832,0.6711711711711711,0.0,-1
6e6f025ec3dac6941a9c742a05013150,0.6647690272690272,0.8096447558289663,0.23136704119850185,0.0,-1
18d7770033091e10a0c67c845d5c7b4a,0.8006534900284901,0.7258765540015539,0.6628378378378379,0.0,-1
3a7a12361b86c1109d4e21fc274bcbee,0.6659341237466238,0.8283337447153236,0.8230337078651686,0.0,-1
5c88ffef33a5d6506049b4646d5c7b1e,0.68385175010175,0.8594426644262171,1.0,0.0,-1
f73e0a20c38f1e101a9c742a05013152,0.689866452991453,0.806031987018829,1.0,0.0,-1
393071e11bca95101c3ddc6fcc4bcb40,0.7964432862459179,0.6471801346801347,0.15837953337953337,0.0,-1
85a399cd1b697510b37020e6b04bcb72,0.5739735958485959,0.7303475344100344,0.6904823876453237,0.0,-1
a41862a083125a9058f18798beaad368,0.6518728956228956,0.6677629687140556,0.25866111857491164,0.0,16
173fce4433730650a0c67c845d5c7b6c,0.8092297212885449,0.6605738705738705,0.48181429182712876,0.0,-1
b3e5706733d5d2906049b4646d5c7bd5,0.673200058226374,0.6106240981240981,1.0,0.0,-1
ceba38c41b7380108321311d0d4bcb8b,0.8588144704853201,0.8427355977355977,0.5,0.0,-1
e19af4841b7380108321311d0d4bcbce,0.6029431216931217,0.6128001628001628,0.3028646132628433,0.0,-1
0c999a0c337b9e10a0c67c845d5c7b12,0.5892175627668265,0.5144345238095238,0.26266405147151317,0.0,-1
eb234e3e87d90ed07bd08a1a0cbb3546,0.6458829365079365,0.5946104577683524,0.031092843326885847,0.0,-1
83c6fc1b87dddd50852d0e170cbb3502,0.6402557319223986,0.6814008846903583,0.26769788182831655,0.0,16
ff6a74441b7380108321311d0d4bcb73,0.679138844494489,0.6906403781403782,0.24031309462030787,0.0,15
8b327b6e83f6de1058f18798beaad32c,0.643912037037037,0.6590647370059135,0.5942028985507246,0.0,-1
157a38441b7380108321311d0d4bcb0e,0.6314341584777091,0.6378402786297523,0.337007833612698,0.0,-1
4acac1221b56e010b8ec33fccc4bcb52,0.8706104857320993,0.7997248122248122,0.5635090218423552,0.0,-1
6f6bfc0c1b7380108321311d0d4bcb57,0.7684028029999763,0.7342255892255891,0.5562928855182376,0.0,-1
81c657e1db7fb110ecfba6bad39619e2,0.7890148840923454,0.721027926322044,0.19033903884134293,0.0,-1
56ba083e1bbc3d10d1f74119b04bcbd6,0.7037622100122101,0.5789326414326414,0.2445192716915656,0.0,-1
30f333061b8031d0b37020e6b04bcb28,0.7268587548734975,0.7683174886116063,0.18734235267140564,0.0,-1
38cf51981bc305109d4e21fc274bcb46,0.5918682909132538,0.7505887304416716,0.0089285714285714,0.0,-1
61b847021bef0dd09d4e21fc274bcb22,0.7403161712794397,0.6386061335751738,0.0211236933797909,0.0,-1
f36a74441b7380108321311d0d4bcb64,0.4905551669644807,0.5538516251911393,0.4004973216770903,0.0,-1
d3874269833dda1058f18798beaad347,0.5956687874580031,0.7514955931867696,0.4639266706091071,0.0,1
516978e11bd51c508321311d0d4bcb6b,0.729021164021164,0.8330805074555074,0.399671052631579,0.0,-1
62da38081b7380108321311d0d4bcb75,0.7539445356686736,0.8254867123617124,0.49661144578313254,0.0,-1
70f02f923374d6106049b4646d5c7b1e,0.6938955026455027,0.79197601010101,0.625,0.0,-1
0f6a34441b7380108321311d0d4bcb35,0.6061071511502546,0.6941889129389129,0.3177603355531563,0.0,12
b49b178c1bfda5101c3ddc6fcc4bcb1e,0.62779374201788,0.762541335978836,0.022115384615384575,0.0,-1
2f384ac9337f9210a0c67c845d5c7b3d,0.7019416507024265,0.7307622354497355,0.44855962933118454,0.0,-1
ea9f98e4c32a0e101a9c742a0501319a,0.5487268518518518,0.6378968253968254,0.464391001155707,0.0,-1
020180d983c6621058f18798beaad36f,0.7914117222646635,0.6300287675287675,0.5255681818181819,0.0,-1
80628f131b99f910b37020e6b04bcba2,0.70902401996152,0.754111975986976,0.5,0.0,-1
7d5a7eff3313c650a0c67c845d5c7bdc,0.6867739898989899,0.802096688034188,0.3866160681229174,0.0,-1
291a51201b1a3510d1f74119b04bcb11,0.48318001443001435,0.7100511525511526,0.5274024024024023,0.0,-1
1854df111b94f910b37020e6b04bcb50,0.5977633477633477,0.7021511821511821,0.2774024024024024,0.0,12
a89a74841b7380108321311d0d4bcbde,0.8630842544552222,0.6741958041958042,0.4737654320987654,0.0,-1
e91b74881b7380108321311d0d4bcb6b,0.8819217443550966,0.7878487253487254,0.5780486051193557,0.0,-1
6a4246badb28ce50ecfba6bad3961936,0.8907185076161107,0.8393518518518519,0.625,0.0,-1
2e7f6df13330d210a0c67c845d5c7bea,0.5992582070707071,0.7136002886002886,0.12887596899224799,0.0,-1
ed4a752e839e069458f18798beaad3d9,0.7230472652347653,0.8210649730386572,0.27314814814814814,0.0,-1
d44784a1c32d2a501a9c742a050131d2,0.712484910922411,0.7835446570972887,0.35572782084409993,0.0,-1
3c5a3e661b1cb150b37020e6b04bcb4c,0.826620775058275,0.87578111946533,0.5,0.0,-1
22b233551bc46550d1f74119b04bcbf6,0.8405552780552781,0.8570899130109657,0.02116402116402115,0.0,-1
9ed7770033091e10a0c67c845d5c7b4f,0.8309640590890591,0.8831908493982796,0.5114468864468864,0.0,-1
14e7770033091e10a0c67c845d5c7b55,0.7666897916897917,0.8714347254053136,0.3156641604010025,0.0,-1
b0aabc841b7380108321311d0d4bcb0b,0.6400628306878307,0.8105194805194805,0.6128253325621746,0.0,-1
0d0b3c481b7380108321311d0d4bcb79,0.6450396825396825,0.7588852813852813,0.75,0.0,19
f532df731bb495501c3ddc6fcc4bcb13,0.8528654413668286,0.7170378695378695,0.5114522417153996,0.0,-1
39eabc081b7380108321311d0d4bcbae,0.8538347639370295,0.7262009980759981,0.5699760765550239,0.0,3
f74f2597db32b45036e3d383f396197f,0.8402341117606463,0.7266774891774892,0.42456741167988465,0.0,-1
addab4081b7380108321311d0d4bcb6e,0.838210435406841,0.831549469049469,0.5252699055330634,0.0,-1
15b14897876e1110852d0e170cbb354e,0.6007936507936508,0.7508448631978044,1.0,0.0,4
52841ac41b479d10d1f74119b04bcb52,0.8959527532088507,0.8821548821548821,1.0,0.0,-1
b88b308c1b7380108321311d0d4bcb68,0.8499836220689879,0.8491791541791542,0.5200918484500574,0.0,-1
df0b70881b7380108321311d0d4bcb36,0.7930299584485615,0.7107146325896326,0.875,0.0,-1
3351c599db004250ecfba6bad396199e,0.6506331469744956,0.6440151515151515,0.3968253968253968,0.0,-1
976b6a643340e290a0c67c845d5c7b9b,0.5842592592592593,0.738357100415924,1.0,0.0,4
17c4d8de87d2b510852d0e170cbb35a8,0.697601124131165,0.6904707792207792,0.25,0.0,15
4a7bf44c1b7380108321311d0d4bcbdf,0.5547739297739298,0.5863553113553114,0.17004045116420066,0.0,-1
4fea70481b7380108321311d0d4bcb48,0.875381690140333,0.8587878787878788,0.5720149253731344,0.0,-1
b258cbb61bcb4550a18b311d0d4bcb8e,0.7971735301521314,0.7073232323232324,1.0,0.0,-1
c7c230481b0ed9101c3ddc6fcc4bcbd7,0.6121527777777778,0.7323965141612201,1.0,0.0,4
cd90190b3380aad06049b4646d5c7b17,0.5978245094624405,0.6119200244200245,0.75,0.0,-1
38b253be336396106049b4646d5c7b44,0.5371940423411011,0.5377464762333184,1.0,0.0,-1
fb6a74441b7380108321311d0d4bcb83,0.796500114438109,0.6474251443001443,0.5465915213086767,0.0,-1
df00deec1b8f6850d5d38738dc4bcb9f,0.6053253093369373,0.5577612746730394,0.525,0.0,-1
6aba78c41b7380108321311d0d4bcb24,0.6404938321482438,0.6370023495023495,0.2918331668331668,0.0,-1
768fa2071b978d90a18b311d0d4bcb8e,0.7099971912471912,0.6291147449042186,0.75,0.0,7
c4ba34c41b7380108321311d0d4bcb52,0.7136753511753512,0.6726112155388471,0.23793215916503585,0.0,15
31eabc081b7380108321311d0d4bcbbc,0.7021012771012771,0.7243979339374076,0.486027397260274,0.0,-1
a90b7c481b7380108321311d0d4bcbea,0.6221538063271753,0.6217880559985823,0.5202061041683683,0.0,8
7e26c5241b93cd50a18b311d0d4bcb13,0.49700868128287484,0.6557153524492234,0.6733333333333333,0.0,-1
c054c46f1bec3d10d1f74119b04bcbf9,0.7098176129426129,0.597598357524828,0.010869565217391275,0.0,-1
907ab4441b7380108321311d0d4bcb97,0.6266920395780691,0.6025428275428276,0.3029612159329141,0.0,-1
e0c703ce1baf0dd09d4e21fc274bcbf1,0.5159407436514448,0.5363997522085757,0.031863681863681874,0.0,-1
203a0de61b501550b37020e6b04bcbc4,0.6656746031746031,0.6131601098706362,0.021904761904761875,0.0,-1
8528ca15334d1650a0c67c845d5c7bcc,0.5332463177982045,0.515666971916972,0.2750393907563025,0.0,-1
6ac097c233342ad0a0c67c845d5c7b10,0.5823290598290598,0.6133884089766443,0.5,0.0,2
07ca70081b7380108321311d0d4bcb8f,0.5854258241758241,0.5722695877107642,0.6698717948717948,0.0,-1
7b0b70881b7380108321311d0d4bcbf3,0.8495247301585261,0.7796356421356422,0.875,0.0,-1
ac610cc333e8ea50a0c67c845d5c7b5c,0.6444973544973545,0.6761842337945279,1.0,0.0,-1
2e47e0a83318e214a0c67c845d5c7b37,0.7383541023246906,0.8326403445482393,0.29106291165114695,0.0,-1
0cca3cc41b7380108321311d0d4bcb4c,0.7268788714272585,0.8748481014599436,0.29158863970659704,0.0,-1
88faf0481b7380108321311d0d4bcb2a,0.6827547261930564,0.8277588639430744,0.2524732279449261,0.0,-1
35baf4c41b7380108321311d0d4bcbff,0.7482017365350698,0.8236466311466312,0.48791905768649957,0.0,-1
f3a1259c335962506049b4646d5c7bc0,0.5814868643900902,0.8120035373982741,0.4344392882615018,0.0,-1
942244cc87061910852d0e170cbb3579,0.5564032236826354,0.6723850223850224,0.0923901888341543,0.0,-1
82be69bc1b063910d1f74119b04bcb52,0.6379983696112728,0.5928601125969547,0.011904761904761875,0.0,-1
c6c13132331866106049b4646d5c7b2a,0.6019329237071173,0.6990774917090706,0.5,0.0,1
b63d865083964ad058f18798beaad3da,0.6066401799954431,0.571735098406925,0.19047261026595602,0.0,14
634b92381bfe95101c3ddc6fcc4bcb3e,0.6338624338624339,0.6886993050808841,0.25,0.0,16
867869aa87292550852d0e170cbb355c,0.5327556634541929,0.5798222610722611,0.14875547966571984,0.0,-1
1efe2190873e2550852d0e170cbb357b,0.6246031746031746,0.7221485690235689,0.008474576271186425,0.0,-1
711016201bcf6850d5d38738dc4bcbd1,0.6618799603174603,0.6858213083213083,0.15491759702286015,0.0,-1
1a7ab8441b7380108321311d0d4bcb11,0.6736836080586082,0.703582251082251,0.2583961218237999,0.0,15
d84726ec1bcda910d1f74119b04bcb4e,0.8559088438443277,0.7854739704739705,1.0,0.0,-1
9afc839c1b2ad1d01c3ddc6fcc4bcb9c,0.614376830024516,0.653614417989418,0.2950410538129836,0.0,0
53cab0081b7380108321311d0d4bcb32,0.6487522230073812,0.5797915047915048,0.4999999999999999,0.0,-1
4b6443f91be5f950d1f74119b04bcb8c,0.6342675807002032,0.5848124098124098,0.3249977895367966,0.0,-1
e2ddcb7e332396106049b4646d5c7b41,0.6492454459121125,0.6496701326344869,0.4502380952380952,0.0,17
9f22ff941b222d101c3ddc6fcc4bcb75,0.5575532076704188,0.6842173567173567,0.36514885991507434,0.0,-1
51bab4c41b7380108321311d0d4bcbb8,0.8636000593477908,0.7649093499093499,0.7175925925925926,0.0,-1
47ff825b1bbd25901c3ddc6fcc4bcb94,0.5145476844732251,0.6262560560354679,0.4688095996476616,0.0,-1
d717cb931b7b30909bdc98eb274bcb93,0.5564643215391855,0.6515985865985866,0.5274222488038278,0.0,-1
984af0c41b43dd10b37020e6b04bcb83,0.8728721626032799,0.7393055555555555,1.0,0.0,-1
84e09eb61b329410a18b311d0d4bcbd0,0.6027417027417027,0.5837782587782588,0.3489583333333333,0.0,-1
cac912691b563050a18b311d0d4bcb7f,0.5265223665223665,0.5552154952890247,0.42830693883879223,0.0,-1
d7ab962f33b2c6906049b4646d5c7b58,0.8479213754864992,0.6817863155363155,1.0,0.0,-1
929a78841b7380108321311d0d4bcb7d,0.8471459667783198,0.5586019923814842,0.7086956521739131,0.0,-1
cd0652a48721a510852d0e170cbb353f,0.5688027940220923,0.6872863247863248,1.0,0.0,-1
f87af4441b7380108321311d0d4bcb49,0.6008288530465951,0.5781746031746031,0.34792347292347287,0.0,-1
930c9952334156506049b4646d5c7bdf,0.5455328135152697,0.6999287749287749,0.6714139344262295,0.0,-1
a4ba74c41b7380108321311d0d4bcb68,0.5889880952380953,0.7078829966329967,0.570889982809814,0.0,-1
e5c62682db837110ecfba6bad3961901,0.8672941317331531,0.662324387357282,1.0,0.0,-1
fa1a87b78331669058f18798beaad308,0.851081442831216,0.7204734057365637,0.6752839796318058,0.0,-1
4b3ef767db833510ecfba6bad39619a7,0.6130952380952381,0.6918676231176231,0.7097953216374269,0.0,-1
d93d9e92334956506049b4646d5c7bb2,0.5621913580246913,0.7204594017094017,1.0,0.0,4
3ddaf4081b7380108321311d0d4bcb17,0.8500786964472309,0.6608796296296297,0.8782051282051282,0.0,-1
c589a8b487872910852d0e170cbb35fc,0.6525462962962962,0.655,0.5130706118530155,0.0,-1
e80bf8481b7380108321311d0d4bcba7,0.6041688818004608,0.5976266788766789,0.4798698167791706,0.0,-1
4259e44c1bfb6510b37020e6b04bcb37,0.5822626128660612,0.5015640061692693,0.2537219631356873,0.0,-1
8af7f70033091e10a0c67c845d5c7b9b,0.6417328042328042,0.5870119695119695,0.4135802469135802,0.0,-1
a6009eec1b8f6850d5d38738dc4bcb30,0.6605265567765568,0.7589442039442039,0.2772573991268508,0.0,-1
32da38081b7380108321311d0d4bcbce,0.6080509768009768,0.7527994227994228,0.37019622833843013,0.0,12
41d116581bb71150d1f74119b04bcb58,0.8660619527667582,0.6541678691678692,0.5,0.0,-1
0b1e7d67333a86906049b4646d5c7b0b,0.868531622131023,0.7090668590668591,1.0,0.0,-1
b9baf4c41b7380108321311d0d4bcbae,0.4861566742081448,0.5842539541068953,0.3682578470613019,0.0,-1
24030c0933286a106049b4646d5c7bc4,0.6922547822547822,0.7431944444444445,0.34643437963242807,0.0,-1
e51b74881b7380108321311d0d4bcb7b,0.8855113810690128,0.7104076479076479,0.522537819663694,0.0,-1
2a58ab361b9dd1141c3ddc6fcc4bcb5c,0.5842897842897843,0.6448756798756798,0.24652725430088612,0.0,0
058afc441b7380108321311d0d4bcb17,0.57705855944271,0.6438636363636363,0.18753387533875335,0.0,-1
4d5de8f61bac9d90b37020e6b04bcb27,0.6243386243386243,0.7131066618566619,0.5690930806720533,0.0,6
011b34881b7380108321311d0d4bcb7a,0.621031746031746,0.757487974987975,0.19055451127819545,0.0,-1
fc1092201bcf6850d5d38738dc4bcba0,0.581119227994228,0.522827903091061,0.4394094533539824,0.0,-1
3b9a3c841b7380108321311d0d4bcb28,0.8543855954868885,0.7013961038961039,0.7353479853479853,0.0,-1
051689501b276090b8ec33fccc4bcb67,0.8902004630366829,0.7596801346801347,0.5517321373337457,0.0,3
320b30881b7380108321311d0d4bcb31,0.8605619789216807,0.6413852813852814,0.625,0.0,-1
9510d2201bcf6850d5d38738dc4bcbec,0.627713380673907,0.625807574491785,0.10415499533146588,0.0,-1
8ea71caa33416a10a0c67c845d5c7b01,0.5689682539682539,0.6780050505050506,0.28348214285714285,0.0,-1
8f9ab8841b7380108321311d0d4bcb8a,0.576264245014245,0.5256734006734006,0.29124579124579125,0.0,-1
9a9a78841b7380108321311d0d4bcb54,0.8872787437275885,0.6957190957190957,0.5431741096664783,0.0,-1
fcc70e151bacb4509d4e21fc274bcb94,0.5567430254930255,0.5672870745239167,0.302719006819374,0.0,-1
b3eab0481b7380108321311d0d4bcbea,0.8989355644856908,0.6481962481962482,0.3933799609629147,0.0,-1
8f9d8cdd1bbbcd10b37020e6b04bcb07,0.572027417027417,0.7326665464165464,0.01,0.0,-1
91faa0a9c35b12501a9c742a0501311f,0.5967121767121768,0.675297619047619,0.75,0.0,18
6b73fc0933819250a0c67c845d5c7b31,0.6304619218834905,0.6706131831131831,0.40135932961184295,0.0,20
1daafc841b7380108321311d0d4bcb32,0.6346434429767763,0.6571288665038665,0.2980495022019205,0.0,0
3f9a3c841b7380108321311d0d4bcb57,0.6195321109536795,0.7161548636548636,0.31591478696741854,0.0,12
b3a6002b336f9a106049b4646d5c7b53,0.6203046953046953,0.6121527777777778,0.0625,0.0,10
dcf5401733239610a0c67c845d5c7b1c,0.6915624000182824,0.7604984367484368,0.11162790697674413,0.0,-1
eeca30081b7380108321311d0d4bcbba,0.6277762882542295,0.7526559454191033,0.19818193581780535,0.0,-1
bcca125f87915190852d0e170cbb3567,0.666539077752313,0.7502048073758599,0.18964460784313716,0.0,-1
f489e057871fb950852d0e170cbb35ad,0.6275455141263965,0.7479771398192451,0.1576529447373437,0.0,-1
aa300f21331746106049b4646d5c7bd7,0.5715995741731036,0.715047973469026,0.10111317254174393,0.0,-1
ee9a78841b7380108321311d0d4bcbf2,0.5959610650787122,0.6639880952380952,0.3952702702702703,0.0,1
699af4841b7380108321311d0d4bcb8f,0.5949744468494469,0.6331184653553075,0.39477615370472513,0.0,-1
051b34881b7380108321311d0d4bcb58,0.5168958505652054,0.5035218253968254,0.42539118065433856,0.0,-1
15043c2b3387ce146049b4646d5c7b55,0.6114546401311107,0.6617228835978836,0.0847943722943723,0.0,-1
deff06ec1b8f6850d5d38738dc4bcbe7,0.6798360707919532,0.6803878066378066,0.23773843915831738,0.0,15
84c3771b1b8e4910a18b311d0d4bcb07,0.6786195054945054,0.7412815656565657,0.5135135135135135,0.0,1
4510d2201bcf6850d5d38738dc4bcb09,0.7341071428571428,0.7262566137566138,0.1530622237143976,0.0,-1
651a3f2cc3839e101a9c742a050131fd,0.7530736161986161,0.8213568376068376,0.6327047319713637,0.0,-1
04f47d24c3b586101a9c742a0501316c,0.6506359381359381,0.7734434778184778,0.7635135135135135,0.0,19
880f1ef71b58a114d1f74119b04bcba6,0.6490567439096852,0.6684704184704184,0.3178351455788531,0.0,-1
4fbab8c41b7380108321311d0d4bcb5a,0.6164297893464561,0.6247013403263403,0.3372097211947905,0.0,-1
68c7a7dddbe6b950ecfba6bad396190c,0.6950892857142856,0.8531018518518518,1.0,0.0,-1
ad102eed33b4e2d0a0c67c845d5c7be4,0.6113290644540644,0.7547847985347985,0.6950354609929077,0.0,-1
7b31730bdb349150bb35617305961940,0.652352392977393,0.7990376984126984,0.4418157640232108,0.0,-1
f3ecd9781b48d510b37020e6b04bcbd7,0.5860600048100049,0.6687141330891331,0.6520833333333333,0.0,-1
68ff42ec1b8f6850d5d38738dc4bcbd3,0.5925580206830208,0.6351139832389833,0.5113636363636364,0.0,8
87ff86ec1b8f6850d5d38738dc4bcbaf,0.5489989177489177,0.6803830197580197,0.5,0.0,-1
098afc441b7380108321311d0d4bcb19,0.5565399877899878,0.6874629537129537,0.25,0.0,0
349ab4841b7380108321311d0d4bcb73,0.861859391188552,0.6899380711880712,0.7041577825159915,0.0,-1
6c0f7e84db337c1036e3d383f39619c6,0.6504288766788766,0.7113675098050097,0.5,0.0,1
ffd5e96d1bdfd550b37020e6b04bcb28,0.6321062271062271,0.7647399475524475,0.25,0.0,-1
e01bf0881b7380108321311d0d4bcb98,0.6148340548340548,0.5618284493284493,0.375,0.0,-1
10927e75db844650ecfba6bad39619d0,0.7289915665480351,0.7254375254375254,0.15733326823552382,0.0,-1
19aafc841b7380108321311d0d4bcb30,0.6878279828982109,0.6575091575091575,0.1613803358484209,0.0,-1
8faab0c41b7380108321311d0d4bcb78,0.5539544123673964,0.6040509259259259,0.35140335203848977,0.0,-1
8a06264b1b721910b37020e6b04bcb6c,0.8009425350725289,0.7185858585858586,0.39006033546897256,0.0,-1
d1aafc841b7380108321311d0d4bcb5e,0.6650159331409331,0.5989911776676482,0.3875,0.0,-1
81ff82ec1b8f6850d5d38738dc4bcbdc,0.597317612942613,0.6339743589743589,0.2625,0.0,0
88dc185a1b730550d1f74119b04bcba2,0.6373842592592592,0.5986219662690251,0.0,0.0,-1
ccb1957733551690a0c67c845d5c7b3a,0.5673793859649122,0.5252953582365347,0.75,0.0,-1
846fedd51b75fc50a18b311d0d4bcb2e,0.5628672375382902,0.6433986928104575,0.75,0.0,21
423201148343161058f18798beaad30d,0.594682887774993,0.5931892453951277,0.763157894736842,0.0,-1
d82f7420c3e962501a9c742a050131c6,0.6078482165982166,0.6033133533133533,0.03753358710255257,0.0,10
8222eca1330da210a0c67c845d5c7b95,0.600203634085213,0.6525891932141932,0.763157894736842,0.0,18
2aa0a4d033c91e10a0c67c845d5c7bd9,0.5933346624136098,0.5995192307692307,0.13768796992481191,0.0,-1
1a005eec1b8f6850d5d38738dc4bcbe2,0.5917118001676825,0.4813643483709273,0.0,0.0,-1
6aea30481b7380108321311d0d4bcb5a,0.5596776589423648,0.6275533250862199,0.6732142857142857,0.0,-1
a70012201bcf6850d5d38738dc4bcb03,0.7197530247530247,0.5274130485527544,0.04636172650878528,0.0,-1
1e7ab8441b7380108321311d0d4bcb13,0.5925789896378132,0.70330183948605,0.6949019607843137,0.0,-1
04ca3cc41b7380108321311d0d4bcb3f,0.6988004686182435,0.7056080851552988,0.44566123188405793,0.0,-1
a71f56edc39a5a901a9c742a05013109,0.7109978407261015,0.6523154541536895,0.75,0.0,7
84667b471ba871d0b37020e6b04bcb46,0.5812519065142754,0.5693528693528693,0.010869565217391275,0.0,-1
16cc5ffb334caed0a0c67c845d5c7b52,0.6591726110147162,0.6009911616161616,0.75,0.0,-1
3baaf0c41b7380108321311d0d4bcbe7,0.5032722383825325,0.590883902968302,0.4093406593406594,0.0,-1
c2daf4081b7380108321311d0d4bcbad,0.6085082378025545,0.7181249605514312,0.59375,0.0,-1
4c7ab4441b7380108321311d0d4bcb0e,0.6342995345717669,0.6445255207755207,0.59375,0.0,-1
33f86e4a87cb7554852d0e170cbb3534,0.6187093364724944,0.7057166907166907,0.75,0.0,7
1a40eac9dbe23950ecfba6bad3961906,0.5923454915779477,0.6505931160342925,0.0,0.0,-1
236a74441b7380108321311d0d4bcb36,0.6050374779541446,0.6558786393345217,0.75,0.0,18
45f770cf338156106049b4646d5c7b7e,0.5819537715371048,0.6197991822991823,0.75,0.0,-1
d59e5a911b7d55901c3ddc6fcc4bcb5e,0.6818287037037037,0.6556430905695612,1.0,0.0,-1
b79ab827db92fd10ecfba6bad39619fb,0.721412037037037,0.6494822325065291,1.0,0.0,-1
80b7f84d3351e650a0c67c845d5c7bac,0.626262653542599,0.724539257039257,0.75,0.0,7
96b12a303394e614a0c67c845d5c7b2d,0.6136574074074074,0.6323628364389233,1.0,0.0,-1
88087b0033091e10a0c67c845d5c7b79,0.630787037037037,0.7554976132965263,0.875,0.0,-1
ce087b0033091e10a0c67c845d5c7b7e,0.6526124338624338,0.7094290856439194,0.875,0.0,-1
0e00ab9c1b43a5101c3ddc6fcc4bcbba,0.656332671957672,0.627436391223156,1.0,0.0,-1
bca561968356c29458f18798beaad321,0.6742797163849795,0.7447252570414336,0.6060606060606061,0.0,-1
c0faf0481b7380108321311d0d4bcb28,0.6581804404172825,0.642139879456056,0.4498106060606061,0.0,17
5954ca251b78b890a18b311d0d4bcbcb,0.6542223614592035,0.6214703937130408,1.0,0.0,-1
f857809cc302a2901a9c742a050131c6,0.5195488200187448,0.5986562049062049,1.0,0.0,-1
3c009aec1b8f6850d5d38738dc4bcb09,0.5648824786324785,0.6077450980392156,0.27175925925925926,0.0,-1
0d8afc441b7380108321311d0d4bcb1b,0.7354448621553884,0.7513799650641756,0.2472222222222222,0.0,-1
83b7d384dbd4c290ecfba6bad3961965,0.6279239766081871,0.7384218121060226,0.0106382978723404,0.0,-1
fed469da3397ca106049b4646d5c7bc2,0.7545238095238095,0.6949424065213539,0.21294092945128776,0.0,-1
857af4441b7380108321311d0d4bcbc4,0.5822936377348141,0.5722883597883598,0.49136029411764703,0.0,-1
0526af8bdb7a7dd0ecfba6bad396196f,0.7601381257631258,0.7400673400673401,0.19058051942364118,0.0,-1
160bfc481b7380108321311d0d4bcb50,0.7378268722018722,0.8344869750132908,0.3286841002569276,0.0,-1
03ca70081b7380108321311d0d4bcb96,0.6159009971509972,0.6544559631401736,0.5084745762711863,0.0,8
069a38841b7380108321311d0d4bcb8a,0.6125050875050875,0.6803491050859473,0.4479761451592437,0.0,1
86df999bdbfb7510ecfba6bad39619e7,0.7990091947812537,0.7446401515151515,0.37648318859835145,0.0,-1
3de9a3f91b5b9490a18b311d0d4bcb98,0.5780779405779406,0.6596823498139288,0.46548661337393726,0.0,-1
719a38841b7380108321311d0d4bcb4a,0.6216066341066341,0.7014777157540315,0.39314692074012697,0.0,20
1b584a051b71ad101c3ddc6fcc4bcb64,0.6919925213675213,0.8015328725855042,0.4079826014913007,0.0,-1
fa16deb3db19055036e3d383f39619dc,0.6573414014146772,0.7181779258752943,0.3643427458617332,0.0,-1
5bbab8c41b7380108321311d0d4bcb85,0.6679219918013022,0.6684628237259815,0.5531708197905381,0.0,-1
1d03cda9c3e65e141a9c742a050131c2,0.496558907042778,0.6975928932178932,1.0,0.0,-1
5b1d341a8311661058f18798beaad30c,0.5017113095238095,0.509116809116809,0.2625,0.0,-1
f238d47f1be78510b37020e6b04bcb88,0.5585902523402524,0.5588783657862605,0.25096749226006193,0.0,-1
b2d45ee01bf5f850a18b311d0d4bcbba,0.6169620811287477,0.663152356902357,0.006329113924050625,0.0,9
9784cd10339c6214a0c67c845d5c7bd5,0.602854938271605,0.6678977272727272,0.5,0.0,1
d27ab8441b7380108321311d0d4bcb16,0.5784519168291098,0.6145988733488733,0.6225641025641026,0.0,-1
89bab4c41b7380108321311d0d4bcbb0,0.6195686680469289,0.6949768518518519,0.4136173199041171,0.0,20
14b068d033c91e10a0c67c845d5c7b1b,0.5948332183114792,0.6199074074074074,0.1678468801313629,0.0,-1
bb94010a33e812906049b4646d5c7ba3,0.5949620427881297,0.6827696078431373,0.4326086310849743,0.0,1
839ab8841b7380108321311d0d4bcb9f,0.5782706570857314,0.6424437988911673,0.774390243902439,0.0,18
e1f44e4f1ba030909d4e21fc274bcbe0,0.7341419369680239,0.7030078826402355,0.019063180827886723,0.0,-1
ca76bbcb83d2121458f18798beaad3b9,0.7382568438003221,0.7643309620899136,0.5,0.0,-1
c9bab4c41b7380108321311d0d4bcb84,0.7733187134502923,0.7309658138110824,0.40644544455713316,0.0,-1
06005eec1b8f6850d5d38738dc4bcb17,0.5910994869328202,0.5659315493874317,0.09218346253229973,0.0,-1
8619160f1b60b910d1f74119b04bcbd7,0.6442711184090495,0.5547619047619048,0.49151411136536993,0.0,-1
b83c7f1133a8ee10a0c67c845d5c7b3a,0.6838005071569184,0.6342189754689754,0.75,0.0,7
4a3a8518c3caa2901a9c742a0501313e,0.81343240036952,0.7018814280684991,0.75,0.0,-1
b0009aec1b8f6850d5d38738dc4bcb05,0.8015124016938899,0.8075924570262301,0.15035377358490568,0.0,-1
b8a0fabc1bdaf510b37020e6b04bcbb1,0.7599625500532942,0.760235531440337,0.3123115361419833,0.0,-1
03d02413db13e910ecfba6bad39619cb,0.7264047966434002,0.7589143717012711,0.1911560960591133,0.0,-1
a0ba74c41b7380108321311d0d4bcb93,0.7623260091397346,0.7287484929575891,0.5594135802469136,0.0,-1
91ba40411bbb44101312982d0d4bcbf9,0.8020555316143552,0.8145021316776432,0.5515647430376113,0.0,-1
4c7a74441b7380108321311d0d4bcbfc,0.6456963969218871,0.6563057413600892,0.3640216059694843,0.0,-1
ecda34081b7380108321311d0d4bcb61,0.6754630620439444,0.5622879390990847,0.6287878787878788,0.0,-1
870810571bb82110d1f74119b04bcb32,0.566953658296163,0.5943131868131868,0.31828433556544156,0.0,-1
93775b89335516506049b4646d5c7bb7,0.7434848963099737,0.7213798384851017,0.3948820395738204,0.0,-1
3600c9c433d9ee106049b4646d5c7be0,0.8509644741223689,0.8122447663275837,0.75,0.0,-1
de7ab8441b7380108321311d0d4bcb18,0.7557881884197674,0.7969574070580263,0.4558237121528261,0.0,-1
5f9af8841b7380108321311d0d4bcb48,0.7572361264466527,0.8010563424650112,0.5276594932844932,0.0,-1
62376b2e87076550852d0e170cbb35cf,0.7548693703956861,0.7751534155558923,0.3175713395254534,0.0,-1
5d46210f83175e5058f18798beaad3be,0.5729586385836386,0.7262082362082363,0.5,0.0,1
d38af0841b7380108321311d0d4bcbbb,0.7332975747449432,0.629779711029711,0.2449178761366929,0.0,-1
6318bb0033091e10a0c67c845d5c7bf4,0.7023783416875522,0.6381016644174539,0.3448011683305801,0.0,-1
beea30481b7380108321311d0d4bcbef,0.6486842105263158,0.7120185613606667,0.5093114241001565,0.0,1
daeb20431bb3e950b37020e6b04bcb5f,0.6274619257591394,0.6413480398320215,0.21977318456191694,0.0,-1
aa49541d3378ee90a0c67c845d5c7b06,0.511888909552142,0.48680555555555555,0.10603741496598636,0.0,-1
78f8ed2187b6f5d0852d0e170cbb35d2,0.7103864272504623,0.7387659806080858,0.3540903540903541,0.0,-1
fba5a28a871a2914852d0e170cbb359c,0.7093220899470899,0.7283916254310991,0.1929131054131054,0.0,-1
92c14e8583d69e9058f18798beaad345,0.6849820630006389,0.6442023676806286,0.75,0.0,7
d43dbf451bd01d10b37020e6b04bcb57,0.5897995365487625,0.6570646422820337,0.41944912719560606,0.0,1
11ea7c081b7380108321311d0d4bcbbd,0.6137042124542125,0.7352492025518341,0.4803571428571429,0.0,1
317adce81b931150b37020e6b04bcb43,0.6294358791649813,0.6520368069933287,0.4560986719301222,0.0,17
c7c215691be06810a18b311d0d4bcb99,0.5225179681429681,0.7430922153116846,0.75,0.0,-1
1bf78f06c36216541a9c742a050131be,0.5311028840440605,0.5188224300066405,0.763157894736842,0.0,-1
c20bbc481b7380108321311d0d4bcbb8,0.6545295932138038,0.5529387279387279,0.19788557213930344,0.0,-1
7a9ded441b7780108321311d0d4bcb24,0.7334168755221386,0.683565569778805,0.5151960784313725,0.0,-1
ff65b631c3ab16d01a9c742a0501319c,0.6510513566241121,0.6657925005751093,0.03687548988300862,0.0,9
379a3c841b7380108321311d0d4bcb4a,0.7348423749739539,0.7502665160926031,0.4565499044845,0.0,-1
78eb0e921b47a1501c3ddc6fcc4bcbb8,0.647844857241142,0.7060482273717568,0.19669449295217506,0.0,-1
3969144d836f521058f18798beaad3dd,0.6633780449569924,0.637793349967263,0.46291208791208793,0.0,17
39d9c8ec1b20e514d1f74119b04bcb8f,0.685490094700621,0.6648252209569345,0.75,0.0,7
1f6a34441b7380108321311d0d4bcb50,0.6411059585982186,0.7415404040404041,0.5645279586927184,0.0,6
003ec1861b067510b37020e6b04bcb97,0.6461531279178339,0.6891582491582492,0.5089285714285714,0.0,1
99bab2e81bbb6d10d1f74119b04bcb24,0.7245255779079308,0.7197283734783735,0.6392339544513458,0.0,-1
ee83c1d183790e1058f18798beaad3b4,0.673615001556178,0.6584391996891996,0.05952380952380953,0.0,-1
d93f9f051bca01109bdc98eb274bcb78,0.7670082661409416,0.7449422568172568,0.6890304847576212,0.0,-1
6632e57d1bf68d909d4e21fc274bcba8,0.7516098484848485,0.7722125097125097,0.10493827160493825,0.0,-1
054cfb0bc3c396901a9c742a0501317b,0.7819065656565657,0.8090892903392903,0.2777777777777778,0.0,-1
37e79b281b987510b37020e6b04bcb2e,0.8252083333333333,0.7463050375550375,0.5277777777777778,0.0,-1
1d65b050c322ca101a9c742a0501319b,0.8599632314524557,0.7541117216117217,1.0,0.0,-1
8da67e681b5f21901c3ddc6fcc4bcb8e,0.6024410774410774,0.7710343822843823,0.25,0.0,-1
f1f404801bc0f190d1f74119b04bcb91,0.68569234006734,0.8048392579642579,0.314308089183711,0.0,-1
2d1b90b8831e9a9058f18798beaad3ce,0.645795812983313,0.6542554156369946,0.5238888888888888,0.0,-1
e20004c1c3d6d2901a9c742a05013108,0.6578216690716691,0.7858340964590964,0.7574626865671641,0.0,19
51df7996871886d0852d0e170cbb35b1,0.7012656325156326,0.767308386058386,0.5074626865671641,0.0,-1
69983a0887032510852d0e170cbb35de,0.568121693121693,0.7985409035409036,0.5079365079365079,0.0,-1
7b278f801b1d3110d1f74119b04bcbae,0.5736334206728944,0.792009011519881,0.23242180205415497,0.0,-1
57559befdb373910ecfba6bad39619d0,0.5260416666666666,0.4993233618233618,0.5746753246753247,0.0,-1
d185f4c41bf605909d4e21fc274bcbf2,0.6359180536812116,0.7492112476895085,0.2594474153297682,0.0,-1
67f0d2181bb71150d1f74119b04bcb92,0.5615471946354299,0.5094124199387358,0.3858695652173913,0.0,-1
1e48ff0033091e10a0c67c845d5c7b40,0.6122570898886688,0.5637393563384612,0.23366799016827372,0.0,14
fbcab0081b7380108321311d0d4bcbea,0.5503289874613404,0.49376960599786685,0.49821471363527436,0.0,-1
99b79e5b33379650a0c67c845d5c7b8e,0.6173721015826279,0.6101201701585334,0.039856186376989775,0.0,10
de7ab8441b7380108321311d0d4bcb21,0.603086241244136,0.6409409869742687,0.27524177817989015,0.0,0
5058ff0033091e10a0c67c845d5c7b46,0.664136983873826,0.7716685653527758,0.5637700123152709,0.0,6
3bf4fa9087184a90852d0e170cbb35bc,0.5860368250170882,0.7199730330728782,0.4337946428571428,0.0,1
85f146493381d250a0c67c845d5c7bef,0.6177039030657452,0.6394077048682312,1.0,0.0,-1
5ddab4081b7380108321311d0d4bcb08,0.8268654591023012,0.7656962481962482,0.6723602484472049,0.0,-1
572a1c59331dd250a0c67c845d5c7b81,0.763277417027417,0.7407914307914307,1.0,0.0,-1
28ea3c081b7380108321311d0d4bcb24,0.8053769841269841,0.8774876974876975,0.4943218689162881,0.0,-1
9472665433e0e2106049b4646d5c7baa,0.844211691086691,0.7998329448329449,0.5007591353576942,0.0,5
b0aabc841b7380108321311d0d4bcb34,0.580026439609773,0.5674171647477274,0.5586863711001642,0.0,-1
2e7da69e1b95f110d1f74119b04bcb93,0.6945894383394383,0.7711124061124062,0.3513338480013724,0.0,-1
32ff86ec1b8f6850d5d38738dc4bcb3a,0.7272054334554334,0.7264453382874435,0.2360458839406207,0.0,-1
60b2a06a1b7f0950b37020e6b04bcb9f,0.7018435846560847,0.6756433770907455,0.5364301191765981,0.0,-1
8a0b6c8f1b17ac50a18b311d0d4bcb98,0.5409226190476191,0.7588522588522588,0.80625,0.0,-1
e86a3515db76b1d0ecfba6bad39619b7,0.650461915535445,0.5884123770965877,0.5183946488294314,0.0,-1
ff0455e587da2514852d0e170cbb35bb,0.5936259920634921,0.6147906357774778,0.22705913379125153,0.0,-1
06ca30081b7380108321311d0d4bcb13,0.568701923076923,0.700975747043522,0.5025925925925926,0.0,1
f7baf8c41b7380108321311d0d4bcbc0,0.5090271293702666,0.6358766233766233,0.39852581443536317,0.0,-1
163070d633f64a50a0c67c845d5c7b31,0.6185880602240896,0.6051217958454801,0.48609719717714106,0.0,-1
4da68a5d839e12d058f18798beaad34f,0.5921626984126984,0.669131307289202,1.0,0.0,-1
d3439e3183ca661058f18798beaad35c,0.6294642857142857,0.7000051629656893,0.46890679499375143,0.0,1
5cba34c41b7380108321311d0d4bcbb2,0.6326388888888889,0.8732472157472158,0.5766186281217927,0.0,-1
59dafd9833f11e506049b4646d5c7bcc,0.5903571428571428,0.7528260851536713,0.2694759267822241,0.0,-1
ce9b8ce4837e129058f18798beaad30a,0.6028108465608466,0.7359039794815657,0.4802076538377908,0.0,1
82d3ef2333f75a50a0c67c845d5c7b9e,0.6868333333333334,0.6651455026455027,0.2102854210449147,0.0,-1
908bf6b2c3ded2d01a9c742a0501317c,0.7101666666666667,0.7596512060736199,0.5,0.0,-1
8dda74081b7380108321311d0d4bcb79,0.6903730936819172,0.7042128018852157,0.4560810810810811,0.0,-1
c017c36983ded2d058f18798beaad3e5,0.7562745098039215,0.7082581770081771,0.0760135135135135,0.0,-1
728ab0841b7380108321311d0d4bcb7e,0.88463161053338,0.7161700336700336,0.43839977851605755,0.0,-1
e69a78841b7380108321311d0d4bcbee,0.6035130718954248,0.7171356421356422,0.4375,0.0,1
577f049c33491e10a0c67c845d5c7b23,0.6081915396431525,0.6489021164021165,0.31277661309107846,0.0,0
aeb395448361861058f18798beaad31b,0.7904350490196079,0.738467237660786,0.45468998410174877,0.0,-1
caeafc081b7380108321311d0d4bcb77,0.6663232069143448,0.7210291858678957,0.5281329923273657,0.0,1
7014e945332caa10a0c67c845d5c7b39,0.7150901917784658,0.6181422893116442,0.513157894736842,0.0,-1
68687f0adb6fb01036e3d383f39619c6,0.6780653379772962,0.7880402766289863,0.11327231121281457,0.0,-1
dc5ba04b1b2411d0b37020e6b04bcbbb,0.6920687134502924,0.7430035153019025,0.0,0.0,-1
aa05e22587e59d10852d0e170cbb3555,0.6914148797920727,0.7444267155951938,0.013157894736842075,0.0,-1
1ad209f633749a106049b4646d5c7bad,0.6514219576719577,0.6948695110244023,0.0,0.0,9
183d52388329e21058f18798beaad33c,0.6287057078723746,0.7130641103059581,0.5,0.0,1
cf6ac89933ff1610a0c67c845d5c7ba3,0.6471360429693763,0.6789247181964573,0.75,0.0,7
af22a7c8c361ee101a9c742a050131af,0.6589029497143533,0.658881728778468,1.0,0.0,-1
878e8178877c0ed0852d0e170cbb3599,0.6664713868003341,0.6233796296296297,1.0,0.0,-1
ac7ab4441b7380108321311d0d4bcbaf,0.7451773182957393,0.7461041790453555,0.8401639344262295,0.0,-1
15aafc841b7380108321311d0d4bcb2e,0.6251403300125105,0.6118622118622119,0.5139928698752227,0.0,-1
0bca70081b7380108321311d0d4bcb9a,0.6916673628515734,0.7528666758078523,0.8401639344262295,0.0,-1
3baaf0c41b7380108321311d0d4bcbf9,0.8687019599678403,0.8102573352573352,0.6818181818181818,0.0,-1
de16cf241b1361901c3ddc6fcc4bcb8d,0.7620370370370371,0.8040938228438228,1.0,0.0,-1
cf8495ba1b8aa0109bdc98eb274bcbaa,0.5782200234406116,0.5519764957264957,0.75,0.0,-1
09681178c369e2501a9c742a0501319f,0.7112566137566138,0.8170001295001295,1.0,0.0,-1
d50b7c481b7380108321311d0d4bcb74,0.7285714285714286,0.8301796814296815,0.656060606060606,0.0,-1
eb9af8841b7380108321311d0d4bcbbb,0.5944444444444444,0.8159521034521034,0.44999277352218525,0.0,-1
a9aafc841b7380108321311d0d4bcb8e,0.6451740626939146,0.6722663216413216,0.41249816014130114,0.0,20
dacda8dbdbb37510ecfba6bad3961901,0.6424603174603175,0.7756216006216006,0.4842126541338184,0.0,13
3deabc081b7380108321311d0d4bcba7,0.6172549672549673,0.8261800236800236,0.4961261050178576,0.0,-1
fd1eea678352561458f18798beaad367,0.6892049127343245,0.8511032486032486,0.75,0.0,-1
3485fe541b1af8109d4e21fc274bcb04,0.5380203191058455,0.5389880952380952,0.0369101486748545,0.0,-1
e79af8841b7380108321311d0d4bcbdd,0.6681165239988769,0.7076173826173826,0.7360022396416573,0.0,7
bc1b34881b7380108321311d0d4bcb04,0.7009923899629782,0.6527077089577089,0.75,0.0,7
28cebf11db650d5036e3d383f396198b,0.5544573441503267,0.6379098679098679,0.29990657635714524,0.0,-1
8b84b6ff1bc6b150d1f74119b04bcb3d,0.5765215176979883,0.6203206515706515,1.0,0.0,-1
8865a4fb1b96e5101c3ddc6fcc4bcb3e,0.868831522883247,0.7343795093795095,0.6103896103896105,0.0,-1
33f8ee2f3364a290a0c67c845d5c7baa,0.6465994531784006,0.6799028749028749,0.75,0.0,7
4ccaf8c41b7380108321311d0d4bcbf3,0.6652166483402181,0.7949954212454212,0.7625,0.0,19
811cd18a1bc2f510d1f74119b04bcbb1,0.6438735844628294,0.6782432844932845,0.0125,0.0,9
3bab085833491e10a0c67c845d5c7bee,0.5984530982338,0.7129766992266993,0.7275641025641025,0.0,-1
1f1c46761b9b0d90a18b311d0d4bcb7f,0.5772686314448329,0.6022016178266179,0.2722222222222222,0.0,-1
af451005db137d10ecfba6bad39619d6,0.6075252176488565,0.5120370370370371,0.0,0.0,-1
91b9672933c42e906049b4646d5c7be9,0.6078840476485404,0.7322814685314685,0.3333333333333333,0.0,12
ce81276d33442e906049b4646d5c7bac,0.6130931076297209,0.7221670690420691,0.293498817966903,0.0,12
2f6a74441b7380108321311d0d4bcb0f,0.8652433766408358,0.672070707070707,0.5535958569474301,0.0,-1
92a66852db1a7510ecfba6bad39619c4,0.602059591642925,0.7369463869463869,0.10460992907801415,0.0,-1
247f482f33731a50a0c67c845d5c7bab,0.5855773855773856,0.5482057590273702,0.33793332569595597,0.0,-1
ac0bf8481b7380108321311d0d4bcbf9,0.610108024691358,0.7399310411810412,0.0705128205128205,0.0,-1
0d745bf2871211d0852d0e170cbb3578,0.5715663580246914,0.7713672438672439,0.0705128205128205,0.0,-1
f1a7aa1bdbf3bc5036e3d383f39619d5,0.6368328674249727,0.7445382395382395,0.5,0.0,-1
d04d728d338f0a506049b4646d5c7b52,0.695872828438618,0.5907999164578113,0.5902272727272727,0.0,-1
801bb0881b7380108321311d0d4bcb7e,0.6271633945976052,0.6841243600454127,0.3920336909467344,0.0,20
210668601bfbfc109bdc98eb274bcbd1,0.6142909356725146,0.7174318371686792,0.47496124031007747,0.0,1
b5ff06ec1b8f6850d5d38738dc4bcb52,0.7784148940727889,0.7778313840155946,0.23014782836211406,0.0,-1
fe9ab8841b7380108321311d0d4bcb1f,0.5397907239819004,0.6271448269689958,0.7857142857142858,0.0,21
1db70ba8c3a31a901a9c742a05013168,0.6873371998371999,0.7293262536683589,0.2904781488396553,0.0,-1
4af989b61be30110d1f74119b04bcbc7,0.5686392351263041,0.5647476315954577,0.0,0.0,-1
23c51f391b6370109bdc98eb274bcbc7,0.6689700695092853,0.7296626984126984,0.3090128872683411,0.0,-1
c0ba34c41b7380108321311d0d4bcb62,0.5699140103255378,0.6118640618640618,0.3738306597234357,0.0,-1
4913eebd83ea065058f18798beaad328,0.6161864818988231,0.5012818345729096,0.0106382978723404,0.0,-1
5097241c1bb261101c3ddc6fcc4bcbc4,0.850981333982495,0.7562926887926888,0.4122558880227977,0.0,-1
381900811b4f8910a18b311d0d4bcb26,0.784775641025641,0.5887672269251216,0.3399516883515247,0.0,-1
f6ba78c41b7380108321311d0d4bcbda,0.8550514458022198,0.8211468855218855,0.546777129251356,0.0,-1
e3a1670f1b8dd0508321311d0d4bcb6e,0.6491981200206776,0.6844871794871794,0.660303776683087,0.0,-1
e1ec759a335bca106049b4646d5c7bd2,0.5968786800683352,0.6577944624819625,0.2942540933899333,0.0,0
5187050edbb37510ecfba6bad3961927,0.6343867361759519,0.687689393939394,0.2005591925804692,0.0,-1
a9146caa830f165058f18798beaad3ae,0.5857716049382716,0.7435185185185185,0.5089285714285714,0.0,-1
c66428661b3129501c3ddc6fcc4bcb5e,0.8400181121560432,0.6173527350917057,0.18036710179567322,0.0,-1
180780731bb8b150d1f74119b04bcbfa,0.589349233191075,0.5550731675731676,0.0494897959183673,0.0,-1
2f5f628e87abe910852d0e170cbb358a,0.567664241622575,0.6043891293891294,0.75,0.0,-1
539af8841b7380108321311d0d4bcb1e,0.5587136243386244,0.6787698412698413,0.6876816454281243,0.0,-1
24fd5d1733fa42906049b4646d5c7bfc,0.6353748375807199,0.7263005513005513,0.21944034409040003,0.0,-1
6e0378341b69f110b37020e6b04bcbd3,0.6908893557422969,0.6719808201058202,0.17503690618444714,0.0,-1
92435a0b1b0cb5d0d1f74119b04bcbcf,0.5892361111111112,0.6883614043908162,0.75,0.0,18
3f1c9a6f339f82506049b4646d5c7b70,0.5860089869281045,0.6534593130181365,0.2685348200312989,0.0,0
d5aafc841b7380108321311d0d4bcb60,0.6505101854056963,0.7540038229744112,0.5565878378378378,0.0,6
0098774033091e10a0c67c845d5c7bea,0.6771429344649159,0.647063067651303,0.39542330792330793,0.0,-1
db8af0841b7380108321311d0d4bcbb6,0.6024678417871991,0.7948747276688453,0.75,0.0,-1
d9aafc841b7380108321311d0d4bcb62,0.6877401100155575,0.8270152995152995,0.5899961702593282,0.0,-1
e91016201bcf6850d5d38738dc4bcb68,0.5914581194583464,0.6015259740259741,0.02,0.0,10
d679018d87b55590852d0e170cbb35e9,0.5350752929379373,0.7970492470492471,0.6301854179761157,0.0,-1
42a639a51b189d10b37020e6b04bcbd6,0.6306171470805617,0.829491896991897,0.5535495716034271,0.0,-1
2b6a74441b7380108321311d0d4bcb0d,0.5460235639464963,0.6456289081289082,0.582366749516708,0.0,-1
d27ab8441b7380108321311d0d4bcb24,0.6089240423081886,0.655000555000555,0.5384615384615384,0.0,-1
10398ea01b609190b37020e6b04bcb08,0.692433608058608,0.7792811355311355,0.7785714285714286,0.0,-1
91bcdb9a1b8c1150b37020e6b04bcbba,0.7478357351712615,0.8472292013542013,0.17363469863469863,0.0,-1
349ab4841b7380108321311d0d4bcb6a,0.6393412508544087,0.7759304837319543,0.46988763840730874,0.0,13
e423e4631b271850a18b311d0d4bcbc3,0.6964831586542113,0.7243951914958107,0.16571327683615822,0.0,-1
a63cd70cdbd4c290ecfba6bad3961906,0.6545864826757275,0.6519002590403519,0.020620581304006225,0.0,9
5a0bfc481b7380108321311d0d4bcb1d,0.6575748907842729,0.645590683110033,0.15844367331469983,0.0,-1
d658bb5b337742906049b4646d5c7b0b,0.6410907194165372,0.7038309056497911,0.06113445378151255,0.0,-1
ddaafc841b7380108321311d0d4bcb64,0.7799640504423113,0.7844397500647501,0.19579505859993657,0.0,-1
06af8512330156506049b4646d5c7bec,0.7197621068899841,0.7565085200746966,0.38916786226685796,0.0,-1
018afc441b7380108321311d0d4bcb1e,0.7351995041995042,0.6448527861027861,0.3505310573731626,0.0,-1
ec6c3f081b11e010b8ec33fccc4bcb69,0.6201499406083446,0.6447763347763348,0.4459303073164459,0.0,1
9d7b41931bfd55101c3ddc6fcc4bcb6d,0.5833801832952936,0.5754329004329004,0.4304267161410018,0.0,-1
5d5e60361ba30110d1f74119b04bcbb1,0.600187324269455,0.7184145021645022,0.40377405087447515,0.0,1
2442be331be93990d1f74119b04bcb98,0.570628606600593,0.6649298910154173,0.25,0.0,0
bd6881ce33096610a0c67c845d5c7b46,0.7686550852075046,0.7817532613585245,0.5079365079365079,0.0,-1
6b500310872a7550852d0e170cbb35e2,0.7863045288045288,0.8027732793522268,0.75,0.0,-1
d7bab8c41b7380108321311d0d4bcbcf,0.8325862663906143,0.8033708068247543,0.6942028985507246,0.0,-1
dedaf4081b7380108321311d0d4bcbe9,0.8678953695258043,0.8879598836835679,0.5240104555638536,0.0,-1
23e64af9c32e12541a9c742a0501312f,0.8855530325357911,0.9244178153717628,1.0,0.0,-1
190b7c481b7380108321311d0d4bcb3b,0.832902352242682,0.8452198848909376,0.5130005587632707,0.0,-1
59ea7c081b7380108321311d0d4bcbba,0.7929084100483694,0.9034806239082556,0.6535651665692577,0.0,-1
90ae75d733e516506049b4646d5c7b81,0.7657381439835802,0.8483420356446673,0.7666666666666667,0.0,-1
a00b58d7db7c9150bb356173059619a8,0.6216770186090673,0.7194805194805195,0.14055316091954023,0.0,-1
e4e42b791b4474109d4e21fc274bcb0f,0.6016498937589324,0.6329982363315697,0.6142456982793117,0.0,-1
587ab4441b7380108321311d0d4bcb27,0.6695098293137509,0.7776007326007326,0.396875,0.0,-1
a17a38441b7380108321311d0d4bcb93,0.711806557639891,0.807298026048026,0.33055555555555555,0.0,-1
b22d249733782214a0c67c845d5c7bcb,0.7410380768469005,0.8206120731120732,0.016666666666666673,0.0,-1
22673b2d3345e2106049b4646d5c7b3a,0.7125812304978972,0.7903757718889297,0.23055555555555557,0.0,-1
1bda78081b7380108321311d0d4bcbfd,0.5812542395875729,0.7073105098699326,0.5,0.0,1
132d951c33cc56906049b4646d5c7b02,0.8202900766751342,0.7106684981684982,0.7857142857142858,0.0,-1
923a4a981b96f110b37020e6b04bcba6,0.6822405372405373,0.7433987326447129,0.013888888888888874,0.0,-1
760a73f0338c9a906049b4646d5c7b24,0.6254985754985755,0.6941405061199328,0.5,0.0,1
f7eab0481b7380108321311d0d4bcbd2,0.7476780626780627,0.7249290461472125,0.44177350427350426,0.0,-1
51a0ff401b2585509bdc98eb274bcbd5,0.7150452488687783,0.7380565447097704,0.20868506493506495,0.0,-1
7eca70081b7380108321311d0d4bcb16,0.6164633260711692,0.7609217171717171,0.538011988011988,0.0,6
43ea70481b7380108321311d0d4bcb15,0.6400995246583482,0.7925,0.5573633603238867,0.0,-1
223f0b1687437110852d0e170cbb35bc,0.5950685208038149,0.6559854180906812,0.75,0.0,18
4dda74081b7380108321311d0d4bcbae,0.8665496152592927,0.7404563492063492,0.588185580229644,0.0,-1
cbffec7ac3c252501a9c742a050131fb,0.7771044388148588,0.7361349067599068,1.0,0.0,-1
030ef8b71b1b81d0a18b311d0d4bcbfa,0.6379996183917752,0.6385688020556441,0.4706367716951241,0.0,17
3d1beb7e1b85e110d1f74119b04bcb47,0.5923808160650266,0.6042130262525,0.19134615384615386,0.0,-1
c5eb202033f4d2d0a0c67c845d5c7b38,0.591220238095238,0.6746843434343435,0.01162790697674415,0.0,-1
012abac61b3139d0d1f74119b04bcb62,0.6981485400564348,0.6586639420521,0.02475845410628015,0.0,-1
a8832fbd83392a5058f18798beaad338,0.6073342008868324,0.5946131901724008,0.42692307692307696,0.0,-1
4141392383c6529058f18798beaad38b,0.6112938596491229,0.6018210955710956,0.5908119658119658,0.0,-1
604cb1a01bdfdd10d1f74119b04bcbd8,0.6183788251222462,0.5559493083343872,0.21076652420135772,0.0,14
96ecf687db18495036e3d383f39619ae,0.6331688596491228,0.6717249417249418,1.0,0.0,-1
0f3fa1a9c3a29e141a9c742a050131a6,0.6456123737373738,0.5527574277574278,1.0,0.0,-1
cbca70081b7380108321311d0d4bcbbf,0.7938203622343407,0.720186433936434,0.56312292358804,0.0,-1
5011fe9183d652d058f18798beaad304,0.6721275252525253,0.6844159544159544,0.75,0.0,7
058afc441b7380108321311d0d4bcb20,0.6236742424242424,0.6073921448921449,0.6060013046314416,0.0,-1
3c9ab4841b7380108321311d0d4bcb80,0.8554356737307373,0.6955824077882902,0.5085061137692717,0.0,-1
7bff0aec1b8f6850d5d38738dc4bcb2e,0.6201586368612231,0.6271908646908647,0.03663003663003657,0.0,10
d67ab8441b7380108321311d0d4bcb26,0.6154167671409051,0.5625481000481001,0.2061234047535417,0.0,14
4bea70481b7380108321311d0d4bcb4f,0.5662883061741198,0.5887481962481962,0.47378716744913923,0.0,2
10ba9d3c33106a146049b4646d5c7b46,0.630403555953692,0.6452712842712842,0.1404538341158059,0.0,-1
179c77fe332fd210a0c67c845d5c7b95,0.554712368528158,0.6380726495726495,0.7638888888888888,0.0,21
41a87750330ca2906049b4646d5c7b6f,0.6039479485751416,0.7054487179487179,0.5267094017094016,0.0,1
a0ba74c41b7380108321311d0d4bcb8a,0.8771487037866348,0.6442676767676767,0.5628777826920242,0.0,-1
0f1b6829c3a16a501a9c742a050131d0,0.8806637139896316,0.6193434343434343,1.0,0.0,-1
8ab2b67a1bc74550a18b311d0d4bcb11,0.6484567901234568,0.6810775335775336,0.6573111573111573,0.0,-1
330012201bcf6850d5d38738dc4bcbcf,0.6116071428571428,0.6002289377289378,0.4097069597069597,0.0,-1
a67ef09587c4c250852d0e170cbb3538,0.5472222222222223,0.6011182336182336,0.1978811564177418,0.0,-1
4bea70481b7380108321311d0d4bcb07,0.6737291412291413,0.7772873422873423,0.2649599473935916,0.0,-1
7dcbdc978719dd50852d0e170cbb35e7,0.6364748677248677,0.8140598290598291,0.26208333333333333,0.0,-1
821056201bcf6850d5d38738dc4bcb84,0.6783333333333333,0.7394444444444445,0.2696078431372549,0.0,-1
